pc_time,type,ok,millis,boot_source,live_source,filtered_voltage_v,degraded_mode,charge_voltage,charge_current,charge_power,charge_energy_wh,charge_state,discharge_voltage,discharge_current,discharge_power,discharge_energy_wh,discharge_state,soc_percent,remaining_ah,time_remaining_h,time_to_full_h,event,status,message,address,sensor,reason,error
2026-06-30 09:07:20,pzem017_pair,True,146564,eeprom_restore,full_anchor,28.805,False,28.8,0.1,2.8,1684,ok,28.81,0.04,1.1,1494,ok,100.0,18.0,,0.101,,,,,,,
2026-06-30 09:07:21,pzem017_pair,True,147568,eeprom_restore,full_anchor,28.805,False,28.8,0.1,2.8,1684,ok,28.81,0.04,1.1,1494,ok,100.0,18.0,,0.076,,,,,,,
2026-06-30 09:07:22,pzem017_pair,True,148561,eeprom_restore,full_anchor,28.805,False,28.8,0.1,2.8,1684,ok,28.81,0.04,1.1,1494,ok,100.0,18.0,,0.051,,,,,,,
2026-06-30 09:07:23,pzem017_pair,True,149555,eeprom_restore,full_anchor,28.805,False,28.8,0.1,2.8,1684,ok,28.81,0.03,0.8,1494,ok,100.0,18.0,,0.025,,,,,,,
2026-06-30 09:07:24,pzem017_pair,True,150557,eeprom_restore,full_anchor,28.805,False,28.8,0.1,2.8,1684,ok,28.81,0.04,1.1,1494,ok,100.0,18.0,,0.0,,,,,,,
2026-06-30 09:07:25,pzem017_pair,True,151557,eeprom_restore,full_anchor,28.805,False,28.8,0.1,2.8,1684,ok,28.81,0.04,1.1,1494,ok,100.0,18.0,,0.0,,,,,,,
2026-06-30 09:07:26,pzem017_pair,True,152561,eeprom_restore,full_anchor,28.805,False,28.8,0.1,2.8,1684,ok,28.81,0.04,1.1,1494,ok,100.0,18.0,,0.0,,,,,,,
2026-06-30 09:07:27,pzem017_pair,True,153568,eeprom_restore,full_anchor,28.805,False,28.8,0.1,2.8,1684,ok,28.81,0.03,0.8,1494,ok,100.0,18.0,,0.0,,,,,,,
2026-06-30 09:07:28,pzem017_pair,True,154573,eeprom_restore,full_anchor,28.805,False,28.8,0.1,2.8,1684,ok,28.81,0.03,0.8,1494,ok,100.0,18.0,,0.0,,,,,,,
2026-06-30 09:07:29,pzem017_pair,True,155557,eeprom_restore,full_anchor,28.805,False,28.8,0.1,2.8,1684,ok,28.81,0.04,1.1,1494,ok,100.0,18.0,,0.0,,,,,,,
2026-06-30 09:07:30,pzem017_pair,True,156560,eeprom_restore,full_anchor,28.805,False,28.8,0.1,2.8,1684,ok,28.81,0.04,1.1,1494,ok,100.0,18.0,,0.0,,,,,,,
2026-06-30 09:07:31,pzem017_pair,True,157558,eeprom_restore,full_anchor,28.805,False,28.8,0.1,2.8,1684,ok,28.81,0.03,0.8,1494,ok,100.0,18.0,,0.0,,,,,,,
2026-06-30 09:07:32,pzem017_pair,True,158556,eeprom_restore,full_anchor,28.805,False,28.8,0.1,2.8,1684,ok,28.81,0.04,1.1,1494,ok,100.0,18.0,,0.0,,,,,,,
2026-06-30 09:07:33,pzem017_pair,True,159564,eeprom_restore,full_anchor,28.805,False,28.8,0.1,2.8,1684,ok,28.81,0.03,0.8,1494,ok,100.0,18.0,,0.0,,,,,,,
2026-06-30 09:07:34,pzem017_pair,True,160566,eeprom_restore,full_anchor,28.805,False,28.8,0.1,2.8,1684,ok,28.81,0.04,1.1,1494,ok,100.0,18.0,,0.0,,,,,,,
2026-06-30 09:07:35,pzem017_pair,True,161556,eeprom_restore,full_anchor,28.805,False,28.8,0.1,2.8,1684,ok,28.81,0.04,1.1,1494,ok,100.0,18.0,,0.0,,,,,,,
2026-06-30 09:07:36,pzem017_pair,True,162558,eeprom_restore,full_anchor,28.805,False,28.8,0.1,2.8,1684,ok,28.81,0.03,0.8,1494,ok,100.0,18.0,,0.0,,,,,,,
2026-06-30 09:07:37,pzem017_pair,True,163559,eeprom_restore,full_anchor,28.805,False,28.8,0.1,2.8,1684,ok,28.81,0.04,1.1,1494,ok,100.0,18.0,,0.0,,,,,,,
2026-06-30 09:07:38,pzem017_pair,True,164557,eeprom_restore,full_anchor,28.805,False,28.8,0.1,2.8,1684,ok,28.81,0.03,0.8,1494,ok,100.0,18.0,,0.0,,,,,,,
2026-06-30 09:07:39,pzem017_pair,True,165558,eeprom_restore,full_anchor,28.805,False,28.8,0.1,2.8,1684,ok,28.81,0.04,1.1,1494,ok,100.0,18.0,,0.0,,,,,,,
2026-06-30 09:07:40,pzem017_pair,True,166562,eeprom_restore,full_anchor,28.805,False,28.8,0.1,2.8,1684,ok,28.81,0.04,1.1,1494,ok,100.0,18.0,,0.0,,,,,,,
2026-06-30 09:07:41,pzem017_pair,True,167570,eeprom_restore,full_anchor,28.805,False,28.8,0.1,2.8,1684,ok,28.81,0.04,1.1,1494,ok,100.0,18.0,,0.0,,,,,,,
2026-06-30 09:07:42,pzem017_pair,True,168558,eeprom_restore,full_anchor,28.805,False,28.8,0.1,2.8,1684,ok,28.81,0.04,1.1,1494,ok,100.0,18.0,,0.0,,,,,,,
2026-06-30 09:07:43,pzem017_pair,True,169557,eeprom_restore,full_anchor,28.803,False,28.79,0.1,2.8,1684,ok,28.8,0.04,1.1,1494,ok,100.0,18.0,,0.0,,,,,,,
2026-06-30 09:07:44,pzem017_pair,True,170556,eeprom_restore,full_anchor,28.801,False,28.79,0.0,0.0,1684,ok,28.8,0.04,1.1,1494,ok,100.0,18.0,,,,,,,,,
2026-06-30 09:07:45,pzem017_pair,True,171558,eeprom_restore,full_anchor,28.8,False,28.79,0.0,0.0,1684,ok,28.8,0.03,0.8,1494,ok,100.0,18.0,,,,,,,,,
2026-06-30 09:07:46,pzem017_pair,True,172556,eeprom_restore,full_anchor,28.797,False,28.78,0.0,0.0,1684,ok,28.79,0.03,0.8,1494,ok,100.0,18.0,,,,,,,,,
2026-06-30 09:07:47,pzem017_pair,True,173564,eeprom_restore,full_anchor,28.795,False,28.78,0.0,0.0,1684,ok,28.79,0.04,1.1,1494,ok,100.0,18.0,,,,,,,,,
2026-06-30 09:07:48,pzem017_pair,True,174568,eeprom_restore,full_anchor,28.793,False,28.78,0.0,0.0,1684,ok,28.79,0.03,0.8,1494,ok,100.0,18.0,,,,,,,,,
2026-06-30 09:07:49,pzem017_pair,True,175556,eeprom_restore,full_anchor,28.789,False,28.77,0.0,0.0,1684,ok,28.78,0.03,0.8,1494,ok,100.0,18.0,,,,,,,,,
2026-06-30 09:07:50,pzem017_pair,True,176558,eeprom_restore,full_anchor,28.786,False,28.77,0.0,0.0,1684,ok,28.78,0.04,1.1,1494,ok,100.0,18.0,,,,,,,,,
2026-06-30 09:07:51,pzem017_pair,True,177555,eeprom_restore,full_anchor,28.784,False,28.77,0.0,0.0,1684,ok,28.78,0.04,1.1,1494,ok,100.0,18.0,,,,,,,,,
2026-06-30 09:07:52,pzem017_pair,True,178558,eeprom_restore,full_anchor,28.782,False,28.77,0.0,0.0,1684,ok,28.78,0.04,1.1,1494,ok,100.0,18.0,,,,,,,,,
2026-06-30 09:07:53,pzem017_pair,True,179559,eeprom_restore,full_anchor,28.78,False,28.77,0.0,0.0,1684,ok,28.77,0.04,1.1,1494,ok,100.0,18.0,,,,,,,,,
2026-06-30 09:07:54,pzem017_pair,True,180566,eeprom_restore,full_anchor,28.777,False,28.76,0.0,0.0,1684,ok,28.77,0.03,0.8,1494,ok,100.0,18.0,,,,,,,,,
2026-06-30 09:07:55,pzem017_pair,True,181569,eeprom_restore,full_anchor,28.774,False,28.76,0.0,0.0,1684,ok,28.77,0.04,1.1,1494,ok,100.0,18.0,,,,,,,,,
2026-06-30 09:07:56,pzem017_pair,True,182558,eeprom_restore,full_anchor,28.773,False,28.76,0.0,0.0,1684,ok,28.77,0.04,1.1,1494,ok,100.0,18.0,,,,,,,,,
2026-06-30 09:07:57,pzem017_pair,True,183561,eeprom_restore,full_anchor,28.771,False,28.76,0.0,0.0,1684,ok,28.77,0.03,0.8,1494,ok,100.0,18.0,,,,,,,,,
2026-06-30 09:07:58,pzem017_pair,True,184555,eeprom_restore,full_anchor,28.769,False,28.75,0.0,0.0,1684,ok,28.77,0.04,1.1,1494,ok,100.0,18.0,,,,,,,,,
2026-06-30 09:07:59,pzem017_pair,True,185556,eeprom_restore,full_anchor,28.766,False,28.75,0.0,0.0,1684,ok,28.76,0.04,1.1,1494,ok,100.0,18.0,,,,,,,,,
2026-06-30 09:08:00,pzem017_pair,True,186558,eeprom_restore,full_anchor,28.764,False,28.75,0.0,0.0,1684,ok,28.76,0.04,1.1,1494,ok,100.0,18.0,,,,,,,,,
2026-06-30 09:08:01,pzem017_pair,True,187563,eeprom_restore,full_anchor,28.762,False,28.75,0.0,0.0,1684,ok,28.76,0.04,1.1,1494,ok,100.0,18.0,,,,,,,,,
2026-06-30 09:08:02,pzem017_pair,True,188571,eeprom_restore,full_anchor,28.761,False,28.75,0.0,0.0,1684,ok,28.76,0.04,1.1,1494,ok,100.0,18.0,,,,,,,,,
2026-06-30 09:08:03,pzem017_pair,True,189556,eeprom_restore,full_anchor,28.758,False,28.74,0.0,0.0,1684,ok,28.75,0.04,1.1,1494,ok,100.0,18.0,,,,,,,,,
2026-06-30 09:08:04,pzem017_pair,True,190556,eeprom_restore,full_anchor,28.755,False,28.74,0.0,0.0,1684,ok,28.75,0.04,1.1,1494,ok,100.0,18.0,,,,,,,,,
2026-06-30 09:08:05,pzem017_pair,True,191554,eeprom_restore,full_anchor,28.753,False,28.74,0.0,0.0,1684,ok,28.75,0.04,1.1,1494,ok,100.0,18.0,,,,,,,,,
2026-06-30 09:08:06,pzem017_pair,True,192554,eeprom_restore,full_anchor,28.751,False,28.74,0.0,0.0,1684,ok,28.75,0.04,1.1,1494,ok,100.0,18.0,,,,,,,,,
2026-06-30 09:08:07,pzem017_pair,True,193557,eeprom_restore,full_anchor,28.75,False,28.74,0.0,0.0,1684,ok,28.75,0.04,1.1,1494,ok,100.0,18.0,,,,,,,,,
2026-06-30 09:08:08,pzem017_pair,True,194562,eeprom_restore,full_anchor,28.748,False,28.73,0.0,0.0,1684,ok,28.75,0.04,1.1,1494,ok,100.0,18.0,,,,,,,,,
2026-06-30 09:08:09,pzem017_pair,True,195570,eeprom_restore,full_anchor,28.745,False,28.73,0.0,0.0,1684,ok,28.74,0.04,1.1,1494,ok,100.0,18.0,,,,,,,,,
2026-06-30 09:08:10,pzem017_pair,True,196557,eeprom_restore,full_anchor,28.743,False,28.73,0.0,0.0,1684,ok,28.74,0.04,1.1,1494,ok,100.0,18.0,,,,,,,,,
2026-06-30 09:08:11,pzem017_pair,True,197560,eeprom_restore,full_anchor,28.742,False,28.73,0.0,0.0,1684,ok,28.74,0.04,1.1,1494,ok,100.0,18.0,,,,,,,,,
2026-06-30 09:08:12,pzem017_pair,True,198567,eeprom_restore,full_anchor,28.739,False,28.72,0.0,0.0,1684,ok,28.74,0.04,1.1,1494,ok,100.0,18.0,,,,,,,,,
2026-06-30 09:08:13,pzem017_pair,True,199557,eeprom_restore,full_anchor,28.737,False,28.72,0.0,0.0,1684,ok,28.74,0.04,1.1,1494,ok,100.0,18.0,,,,,,,,,
2026-06-30 09:08:14,pzem017_pair,True,200556,eeprom_restore,full_anchor,28.735,False,28.72,0.0,0.0,1684,ok,28.73,0.04,1.1,1494,ok,100.0,18.0,,,,,,,,,
2026-06-30 09:08:15,pzem017_pair,True,201563,eeprom_restore,full_anchor,28.734,False,28.72,0.0,0.0,1684,ok,28.74,0.04,1.1,1494,ok,100.0,18.0,,,,,,,,,
2026-06-30 09:08:16,pzem017_pair,True,202566,eeprom_restore,full_anchor,28.732,False,28.72,0.0,0.0,1684,ok,28.73,0.04,1.1,1494,ok,100.0,18.0,,,,,,,,,
2026-06-30 09:08:17,pzem017_pair,True,203558,eeprom_restore,full_anchor,28.73,False,28.71,0.0,0.0,1684,ok,28.73,0.04,1.1,1494,ok,100.0,18.0,,,,,,,,,
2026-06-30 09:08:18,pzem017_pair,True,204556,eeprom_restore,full_anchor,28.728,False,28.71,0.0,0.0,1684,ok,28.73,0.04,1.1,1494,ok,100.0,18.0,,,,,,,,,
2026-06-30 09:08:19,pzem017_pair,True,205556,eeprom_restore,full_anchor,28.725,False,28.71,0.0,0.0,1684,ok,28.72,0.04,1.1,1494,ok,100.0,18.0,,,,,,,,,
2026-06-30 09:08:20,pzem017_pair,True,206555,eeprom_restore,full_anchor,28.723,False,28.71,0.0,0.0,1684,ok,28.72,0.04,1.1,1494,ok,100.0,18.0,,,,,,,,,
2026-06-30 09:08:21,pzem017_pair,True,207559,eeprom_restore,full_anchor,28.722,False,28.71,0.0,0.0,1684,ok,28.72,0.04,1.1,1494,ok,100.0,18.0,,,,,,,,,
2026-06-30 09:08:22,pzem017_pair,True,208564,eeprom_restore,full_anchor,28.72,False,28.71,0.0,0.0,1684,ok,28.72,0.04,1.1,1494,ok,100.0,18.0,,,,,,,,,
2026-06-30 09:08:23,pzem017_pair,True,209568,eeprom_restore,full_anchor,28.718,False,28.7,0.0,0.0,1684,ok,28.72,0.03,0.8,1494,ok,100.0,18.0,,,,,,,,,
2026-06-30 09:08:24,pzem017_pair,True,210558,eeprom_restore,full_anchor,28.717,False,28.7,0.0,0.0,1684,ok,28.72,0.04,1.1,1494,ok,100.0,18.0,,,,,,,,,
2026-06-30 09:08:25,pzem017_pair,True,211556,eeprom_restore,full_anchor,28.715,False,28.7,0.0,0.0,1684,ok,28.72,0.04,1.1,1494,ok,100.0,18.0,,,,,,,,,
2026-06-30 09:08:26,pzem017_pair,True,212557,eeprom_restore,full_anchor,28.713,False,28.7,0.0,0.0,1684,ok,28.71,0.04,1.1,1494,ok,100.0,18.0,,,,,,,,,
2026-06-30 09:08:27,pzem017_pair,True,213556,eeprom_restore,full_anchor,28.712,False,28.7,0.0,0.0,1684,ok,28.71,0.04,1.1,1494,ok,100.0,18.0,,,,,,,,,
2026-06-30 09:08:28,pzem017_pair,True,214560,eeprom_restore,full_anchor,28.71,False,28.7,0.0,0.0,1684,ok,28.71,0.04,1.1,1494,ok,100.0,18.0,,,,,,,,,
2026-06-30 09:08:29,pzem017_pair,True,215568,eeprom_restore,full_anchor,28.708,False,28.69,0.0,0.0,1684,ok,28.71,0.04,1.1,1494,ok,100.0,18.0,,,,,,,,,
2026-06-30 09:08:30,pzem017_pair,True,216569,eeprom_restore,full_anchor,28.707,False,28.69,0.0,0.0,1684,ok,28.71,0.04,1.1,1494,ok,100.0,18.0,,,,,,,,,
2026-06-30 09:08:31,pzem017_pair,True,217557,eeprom_restore,full_anchor,28.704,False,28.69,0.0,0.0,1684,ok,28.7,0.04,1.1,1494,ok,100.0,18.0,,,,,,,,,
2026-06-30 09:08:32,pzem017_pair,True,218556,eeprom_restore,full_anchor,28.702,False,28.69,0.0,0.0,1684,ok,28.7,0.04,1.1,1494,ok,100.0,18.0,,,,,,,,,
2026-06-30 09:08:33,pzem017_pair,True,219556,eeprom_restore,full_anchor,28.701,False,28.69,0.0,0.0,1684,ok,28.7,0.04,1.1,1494,ok,100.0,18.0,,,,,,,,,
2026-06-30 09:08:34,pzem017_pair,True,220560,eeprom_restore,full_anchor,28.7,False,28.69,0.0,0.0,1684,ok,28.7,0.04,1.1,1494,ok,100.0,18.0,,,,,,,,,
2026-06-30 09:08:35,pzem017_pair,True,221560,eeprom_restore,full_anchor,28.699,False,28.69,0.0,0.0,1684,ok,28.7,0.04,1.1,1494,ok,100.0,18.0,,,,,,,,,
2026-06-30 09:08:36,pzem017_pair,True,222567,eeprom_restore,full_anchor,28.697,False,28.68,0.0,0.0,1684,ok,28.7,0.04,1.1,1494,ok,100.0,18.0,,,,,,,,,
2026-06-30 09:08:37,pzem017_pair,True,223571,eeprom_restore,full_anchor,28.695,False,28.68,0.0,0.0,1684,ok,28.69,0.04,1.1,1494,ok,100.0,18.0,,,,,,,,,
2026-06-30 09:08:38,pzem017_pair,True,224554,eeprom_restore,full_anchor,28.693,False,28.68,0.0,0.0,1684,ok,28.69,0.04,1.1,1494,ok,100.0,18.0,,,,,,,,,
2026-06-30 09:08:39,pzem017_pair,True,225557,eeprom_restore,full_anchor,28.691,False,28.68,0.0,0.0,1684,ok,28.69,0.03,0.8,1494,ok,100.0,18.0,,,,,,,,,
2026-06-30 09:08:40,pzem017_pair,True,226559,eeprom_restore,full_anchor,28.69,False,28.68,0.0,0.0,1684,ok,28.69,0.04,1.1,1494,ok,100.0,18.0,,,,,,,,,
2026-06-30 09:08:41,pzem017_pair,True,227558,eeprom_restore,full_anchor,28.688,False,28.67,0.0,0.0,1684,ok,28.69,0.04,1.1,1494,ok,100.0,18.0,,,,,,,,,
2026-06-30 09:08:42,pzem017_pair,True,228559,eeprom_restore,full_anchor,28.686,False,28.67,0.0,0.0,1684,ok,28.69,0.04,1.1,1494,ok,100.0,18.0,,,,,,,,,
2026-06-30 09:08:43,pzem017_pair,True,229566,eeprom_restore,full_anchor,28.684,False,28.67,0.0,0.0,1684,ok,28.68,0.04,1.1,1494,ok,100.0,18.0,,,,,,,,,
2026-06-30 09:08:44,pzem017_pair,True,230572,eeprom_restore,full_anchor,28.682,False,28.67,0.0,0.0,1684,ok,28.68,0.04,1.1,1494,ok,100.0,18.0,,,,,,,,,
2026-06-30 09:08:45,pzem017_pair,True,231557,eeprom_restore,full_anchor,28.681,False,28.67,0.0,0.0,1684,ok,28.68,0.04,1.1,1494,ok,100.0,18.0,,,,,,,,,
2026-06-30 09:08:46,pzem017_pair,True,232565,eeprom_restore,full_anchor,28.68,False,28.67,0.0,0.0,1684,ok,28.68,0.04,1.1,1494,ok,100.0,18.0,,,,,,,,,
2026-06-30 09:08:47,pzem017_pair,True,233560,eeprom_restore,full_anchor,28.678,False,28.66,0.0,0.0,1684,ok,28.68,0.04,1.1,1494,ok,100.0,18.0,,,,,,,,,
2026-06-30 09:08:48,pzem017_pair,True,234558,eeprom_restore,full_anchor,28.677,False,28.67,0.0,0.0,1684,ok,28.68,0.04,1.1,1494,ok,100.0,18.0,,,,,,,,,
2026-06-30 09:08:49,pzem017_pair,True,235562,eeprom_restore,full_anchor,28.675,False,28.66,0.0,0.0,1684,ok,28.67,0.04,1.1,1494,ok,100.0,18.0,,,,,,,,,
2026-06-30 09:08:50,pzem017_pair,True,236565,eeprom_restore,full_anchor,28.673,False,28.66,0.0,0.0,1684,ok,28.67,0.04,1.1,1494,ok,100.0,18.0,,,,,,,,,
2026-06-30 09:08:51,pzem017_pair,True,237555,eeprom_restore,full_anchor,28.671,False,28.66,0.0,0.0,1684,ok,28.67,0.03,0.8,1494,ok,100.0,18.0,,,,,,,,,
2026-06-30 09:08:52,pzem017_pair,True,238557,eeprom_restore,full_anchor,28.67,False,28.66,0.0,0.0,1684,ok,28.67,0.04,1.1,1494,ok,100.0,18.0,,,,,,,,,
2026-06-30 09:08:53,pzem017_pair,True,239560,eeprom_restore,full_anchor,28.669,False,28.66,0.0,0.0,1684,ok,28.67,0.03,0.8,1494,ok,100.0,18.0,,,,,,,,,
2026-06-30 09:08:54,pzem017_pair,True,240554,eeprom_restore,full_anchor,28.668,False,28.66,0.0,0.0,1684,ok,28.67,0.04,1.1,1494,ok,100.0,18.0,,,,,,,,,
2026-06-30 09:08:55,pzem017_pair,True,241558,eeprom_restore,full_anchor,28.667,False,28.66,0.0,0.0,1684,ok,28.66,0.04,1.1,1494,ok,100.0,18.0,,,,,,,,,
2026-06-30 09:08:56,pzem017_pair,True,242561,eeprom_restore,full_anchor,28.665,False,28.65,0.0,0.0,1684,ok,28.67,0.04,1.1,1494,ok,100.0,18.0,,,,,,,,,
2026-06-30 09:08:57,pzem017_pair,True,243570,eeprom_restore,full_anchor,28.663,False,28.65,0.0,0.0,1684,ok,28.66,0.04,1.1,1494,ok,100.0,18.0,,,,,,,,,
2026-06-30 09:08:58,pzem017_pair,True,244556,eeprom_restore,full_anchor,28.662,False,28.65,0.0,0.0,1684,ok,28.66,0.04,1.1,1494,ok,100.0,18.0,,,,,,,,,
2026-06-30 09:08:59,pzem017_pair,True,245559,eeprom_restore,full_anchor,28.66,False,28.65,0.0,0.0,1684,ok,28.66,0.04,1.1,1494,ok,100.0,18.0,,,,,,,,,
2026-06-30 09:09:00,pzem017_pair,True,246560,eeprom_restore,full_anchor,28.659,False,28.65,0.0,0.0,1684,ok,28.66,0.04,1.1,1494,ok,100.0,18.0,,,,,,,,,
2026-06-30 09:09:01,pzem017_pair,True,247555,eeprom_restore,full_anchor,28.657,False,28.64,0.0,0.0,1684,ok,28.66,0.04,1.1,1494,ok,100.0,18.0,,,,,,,,,
2026-06-30 09:09:02,pzem017_pair,True,248559,eeprom_restore,full_anchor,28.656,False,28.64,0.0,0.0,1684,ok,28.66,0.04,1.1,1494,ok,100.0,18.0,,,,,,,,,
2026-06-30 09:09:03,pzem017_pair,True,249562,eeprom_restore,full_anchor,28.654,False,28.64,0.0,0.0,1684,ok,28.65,0.04,1.1,1494,ok,100.0,18.0,,,,,,,,,
2026-06-30 09:09:04,pzem017_pair,True,250566,eeprom_restore,full_anchor,28.652,False,28.64,0.0,0.0,1684,ok,28.65,0.04,1.1,1494,ok,100.0,18.0,,,,,,,,,
2026-06-30 09:09:05,pzem017_pair,True,251556,eeprom_restore,full_anchor,28.651,False,28.64,0.0,0.0,1684,ok,28.65,0.04,1.1,1494,ok,100.0,18.0,,,,,,,,,
2026-06-30 09:09:06,pzem017_pair,True,252560,eeprom_restore,full_anchor,28.649,False,28.64,0.0,0.0,1684,ok,28.65,0.04,1.1,1494,ok,100.0,18.0,,,,,,,,,
2026-06-30 09:09:07,pzem017_pair,True,253559,eeprom_restore,full_anchor,28.648,False,28.63,0.0,0.0,1684,ok,28.65,0.04,1.1,1494,ok,100.0,18.0,,,,,,,,,
2026-06-30 09:09:08,pzem017_pair,True,254557,eeprom_restore,full_anchor,28.646,False,28.63,0.0,0.0,1684,ok,28.65,0.04,1.1,1494,ok,100.0,18.0,,,,,,,,,
2026-06-30 09:09:09,pzem017_pair,True,255556,eeprom_restore,full_anchor,28.645,False,28.63,0.0,0.0,1684,ok,28.65,0.04,1.1,1494,ok,100.0,18.0,,,,,,,,,
2026-06-30 09:09:10,pzem017_pair,True,256564,eeprom_restore,full_anchor,28.644,False,28.63,0.0,0.0,1684,ok,28.65,0.04,1.1,1494,ok,100.0,18.0,,,,,,,,,
2026-06-30 09:09:11,pzem017_pair,True,257569,eeprom_restore,full_anchor,28.642,False,28.63,0.0,0.0,1684,ok,28.64,0.04,1.1,1494,ok,100.0,18.0,,,,,,,,,
2026-06-30 09:09:12,pzem017_pair,True,258554,eeprom_restore,full_anchor,28.641,False,28.63,0.0,0.0,1684,ok,28.64,0.04,1.1,1494,ok,100.0,18.0,,,,,,,,,
2026-06-30 09:09:13,pzem017_pair,True,259559,eeprom_restore,full_anchor,28.64,False,28.63,0.0,0.0,1684,ok,28.64,0.04,1.1,1494,ok,100.0,18.0,,,,,,,,,
2026-06-30 09:09:14,pzem017_pair,True,260559,eeprom_restore,full_anchor,28.639,False,28.63,0.0,0.0,1684,ok,28.64,0.04,1.1,1494,ok,100.0,18.0,,,,,,,,,
2026-06-30 09:09:15,pzem017_pair,True,261554,eeprom_restore,full_anchor,28.637,False,28.62,0.0,0.0,1684,ok,28.64,0.04,1.1,1494,ok,100.0,18.0,,,,,,,,,
2026-06-30 09:09:16,pzem017_pair,True,262557,eeprom_restore,full_anchor,28.636,False,28.62,0.0,0.0,1684,ok,28.64,0.04,1.1,1494,ok,100.0,18.0,,,,,,,,,
2026-06-30 09:09:17,pzem017_pair,True,263562,eeprom_restore,full_anchor,28.634,False,28.62,0.0,0.0,1684,ok,28.64,0.04,1.1,1494,ok,100.0,18.0,,,,,,,,,
2026-06-30 09:09:18,pzem017_pair,True,264567,eeprom_restore,full_anchor,28.634,False,28.62,0.0,0.0,1684,ok,28.64,0.04,1.1,1494,ok,100.0,18.0,,,,,,,,,
2026-06-30 09:09:19,pzem017_pair,True,265557,eeprom_restore,full_anchor,28.632,False,28.62,0.0,0.0,1684,ok,28.63,0.04,1.1,1494,ok,100.0,18.0,,,,,,,,,
2026-06-30 09:09:20,pzem017_pair,True,266557,eeprom_restore,full_anchor,28.63,False,28.62,0.0,0.0,1684,ok,28.63,0.04,1.1,1494,ok,100.0,18.0,,,,,,,,,
2026-06-30 09:09:21,pzem017_pair,True,267555,eeprom_restore,full_anchor,28.629,False,28.62,0.0,0.0,1684,ok,28.63,0.04,1.1,1494,ok,100.0,18.0,,,,,,,,,
2026-06-30 09:09:22,pzem017_pair,True,268555,eeprom_restore,full_anchor,28.627,False,28.61,0.0,0.0,1684,ok,28.63,0.04,1.1,1495,ok,100.0,18.0,,,,,,,,,
2026-06-30 09:09:23,pzem017_pair,True,269556,eeprom_restore,full_anchor,28.626,False,28.61,0.0,0.0,1684,ok,28.63,0.04,1.1,1495,ok,100.0,18.0,,,,,,,,,
2026-06-30 09:09:24,pzem017_pair,True,270562,eeprom_restore,full_anchor,28.625,False,28.61,0.0,0.0,1684,ok,28.63,0.04,1.1,1495,ok,100.0,18.0,,,,,,,,,
2026-06-30 09:09:25,pzem017_pair,True,271569,eeprom_restore,full_anchor,28.623,False,28.61,0.0,0.0,1684,ok,28.62,0.04,1.1,1495,ok,100.0,18.0,,,,,,,,,
2026-06-30 09:09:26,pzem017_pair,True,272557,eeprom_restore,full_anchor,28.621,False,28.61,0.0,0.0,1684,ok,28.62,0.04,1.1,1495,ok,100.0,18.0,,,,,,,,,
2026-06-30 09:09:27,pzem017_pair,True,273559,eeprom_restore,full_anchor,28.62,False,28.61,0.0,0.0,1684,ok,28.62,0.04,1.1,1495,ok,100.0,18.0,,,,,,,,,
2026-06-30 09:09:28,pzem017_pair,True,274556,eeprom_restore,full_anchor,28.619,False,28.61,0.0,0.0,1684,ok,28.62,0.04,1.1,1495,ok,100.0,18.0,,,,,,,,,
2026-06-30 09:09:29,pzem017_pair,True,275554,eeprom_restore,full_anchor,28.618,False,28.61,0.0,0.0,1684,ok,28.62,0.04,1.1,1495,ok,100.0,18.0,,,,,,,,,
2026-06-30 09:09:30,pzem017_pair,True,276556,eeprom_restore,full_anchor,28.618,False,28.61,0.0,0.0,1684,ok,28.62,0.04,1.1,1495,ok,100.0,18.0,,,,,,,,,
2026-06-30 09:09:31,pzem017_pair,True,277564,eeprom_restore,full_anchor,28.616,False,28.6,0.0,0.0,1684,ok,28.62,0.04,1.1,1495,ok,100.0,18.0,,,,,,,,,
2026-06-30 09:09:32,pzem017_pair,True,278565,eeprom_restore,full_anchor,28.616,False,28.61,0.0,0.0,1684,ok,28.62,0.04,1.1,1495,ok,100.0,18.0,,,,,,,,,
2026-06-30 09:09:33,pzem017_pair,True,279553,eeprom_restore,full_anchor,28.614,False,28.6,0.0,0.0,1684,ok,28.61,0.04,1.1,1495,ok,100.0,18.0,,,,,,,,,
2026-06-30 09:09:34,pzem017_pair,True,280555,eeprom_restore,full_anchor,28.612,False,28.6,0.0,0.0,1684,ok,28.61,0.04,1.1,1495,ok,100.0,18.0,,,,,,,,,
2026-06-30 09:09:35,pzem017_pair,True,281556,eeprom_restore,full_anchor,28.611,False,28.6,0.0,0.0,1684,ok,28.61,0.04,1.1,1495,ok,100.0,18.0,,,,,,,,,
2026-06-30 09:09:36,pzem017_pair,True,282559,eeprom_restore,full_anchor,28.609,False,28.6,0.0,0.0,1684,ok,28.61,0.04,1.1,1495,ok,100.0,18.0,,,,,,,,,
2026-06-30 09:09:37,pzem017_pair,True,283556,eeprom_restore,full_anchor,28.609,False,28.6,0.0,0.0,1684,ok,28.61,0.04,1.1,1495,ok,100.0,18.0,,,,,,,,,
2026-06-30 09:09:38,pzem017_pair,True,284563,eeprom_restore,full_anchor,28.608,False,28.6,0.0,0.0,1684,ok,28.61,0.04,1.1,1495,ok,100.0,18.0,,,,,,,,,
2026-06-30 09:09:39,pzem017_pair,True,285569,eeprom_restore,full_anchor,28.607,False,28.6,0.0,0.0,1684,ok,28.61,0.04,1.1,1495,ok,100.0,18.0,,,,,,,,,
2026-06-30 09:09:40,pzem017_pair,True,286570,eeprom_restore,full_anchor,28.605,False,28.59,0.0,0.0,1684,ok,28.6,0.04,1.1,1495,ok,100.0,18.0,,,,,,,,,
2026-06-30 09:09:41,pzem017_pair,True,287555,eeprom_restore,full_anchor,28.603,False,28.59,0.0,0.0,1684,ok,28.6,0.04,1.1,1495,ok,100.0,18.0,,,,,,,,,
2026-06-30 09:09:42,pzem017_pair,True,288557,eeprom_restore,full_anchor,28.601,False,28.59,0.0,0.0,1684,ok,28.6,0.04,1.1,1495,ok,100.0,18.0,,,,,,,,,
2026-06-30 09:09:43,pzem017_pair,True,289555,eeprom_restore,full_anchor,28.6,False,28.59,0.0,0.0,1684,ok,28.6,0.04,1.1,1495,ok,100.0,18.0,,,,,,,,,
2026-06-30 09:09:44,pzem017_pair,True,290557,eeprom_restore,rest_ocv_correction,28.599,False,28.59,0.0,0.0,1684,ok,28.6,0.04,1.1,1495,ok,100.0,18.0,,,,,,,,,
2026-06-30 09:09:45,pzem017_pair,True,291564,eeprom_restore,rest_ocv_correction,28.598,False,28.59,0.0,0.0,1684,ok,28.6,0.04,1.1,1495,ok,99.9,18.0,,,,,,,,,
2026-06-30 09:09:46,pzem017_pair,True,292566,eeprom_restore,rest_ocv_correction,28.596,False,28.58,0.0,0.0,1684,ok,28.59,0.04,1.1,1495,ok,99.9,18.0,,,,,,,,,
2026-06-30 09:09:47,pzem017_pair,True,293554,eeprom_restore,rest_ocv_correction,28.593,False,28.58,0.0,0.0,1684,ok,28.59,0.04,1.1,1495,ok,99.9,18.0,,,,,,,,,
2026-06-30 09:09:48,pzem017_pair,True,294556,eeprom_restore,rest_ocv_correction,28.592,False,28.58,0.0,0.0,1684,ok,28.59,0.04,1.1,1495,ok,99.8,18.0,,,,,,,,,
2026-06-30 09:09:49,pzem017_pair,True,295558,eeprom_restore,rest_ocv_correction,28.59,False,28.58,0.0,0.0,1684,ok,28.59,0.04,1.1,1495,ok,99.8,18.0,,,,,,,,,
2026-06-30 09:09:50,pzem017_pair,True,296556,eeprom_restore,rest_ocv_correction,28.589,False,28.58,0.0,0.0,1684,ok,28.59,0.04,1.1,1495,ok,99.8,18.0,,,,,,,,,
2026-06-30 09:09:51,pzem017_pair,True,297557,eeprom_restore,rest_ocv_correction,28.588,False,28.58,0.0,0.0,1684,ok,28.59,0.04,1.1,1495,ok,99.8,18.0,,,,,,,,,
2026-06-30 09:09:52,pzem017_pair,True,298572,eeprom_restore,rest_ocv_correction,28.588,False,28.58,0.0,0.0,1684,ok,28.59,0.04,1.1,1495,ok,99.7,18.0,,,,,,,,,
2026-06-30 09:09:53,pzem017_pair,True,299570,eeprom_restore,rest_ocv_correction,28.587,False,28.58,0.0,0.0,1684,ok,28.59,0.04,1.1,1495,ok,99.7,17.9,,,,,,,,,
2026-06-30 09:09:54,pzem017_pair,True,300571,eeprom_restore,rest_ocv_correction,28.587,False,28.58,0.0,0.0,1684,ok,28.59,0.04,1.1,1495,ok,99.7,17.9,,,,,,,,,
2026-06-30 09:09:55,pzem017_pair,True,301556,eeprom_restore,rest_ocv_correction,28.585,False,28.57,0.0,0.0,1684,ok,28.59,0.04,1.1,1495,ok,99.7,17.9,,,,,,,,,
2026-06-30 09:09:56,pzem017_pair,True,302558,eeprom_restore,rest_ocv_correction,28.583,False,28.57,0.0,0.0,1684,ok,28.58,0.04,1.1,1495,ok,99.6,17.9,,,,,,,,,
2026-06-30 09:09:57,pzem017_pair,True,303560,eeprom_restore,rest_ocv_correction,28.582,False,28.57,0.0,0.0,1684,ok,28.58,0.04,1.1,1495,ok,99.6,17.9,,,,,,,,,
2026-06-30 09:09:58,pzem017_pair,True,304556,eeprom_restore,rest_ocv_correction,28.58,False,28.57,0.0,0.0,1684,ok,28.58,0.04,1.1,1495,ok,99.6,17.9,,,,,,,,,
2026-06-30 09:09:59,pzem017_pair,True,305562,eeprom_restore,rest_ocv_correction,28.579,False,28.57,0.0,0.0,1684,ok,28.58,0.04,1.1,1495,ok,99.6,17.9,,,,,,,,,
2026-06-30 09:10:00,pzem017_pair,True,306568,eeprom_restore,rest_ocv_correction,28.578,False,28.57,0.0,0.0,1684,ok,28.58,0.04,1.1,1495,ok,99.6,17.9,,,,,,,,,
2026-06-30 09:10:01,pzem017_pair,True,307556,eeprom_restore,rest_ocv_correction,28.578,False,28.57,0.0,0.0,1684,ok,28.58,0.04,1.1,1495,ok,99.6,17.9,,,,,,,,,
2026-06-30 09:10:02,pzem017_pair,True,308558,eeprom_restore,rest_ocv_correction,28.577,False,28.57,0.0,0.0,1684,ok,28.58,0.04,1.1,1495,ok,99.5,17.9,,,,,,,,,
2026-06-30 09:10:03,pzem017_pair,True,309555,eeprom_restore,rest_ocv_correction,28.576,False,28.56,0.0,0.0,1684,ok,28.58,0.04,1.1,1495,ok,99.5,17.9,,,,,,,,,
2026-06-30 09:10:04,pzem017_pair,True,310558,eeprom_restore,rest_ocv_correction,28.575,False,28.56,0.0,0.0,1684,ok,28.58,0.04,1.1,1495,ok,99.5,17.9,,,,,,,,,
2026-06-30 09:10:05,pzem017_pair,True,311555,eeprom_restore,rest_ocv_correction,28.573,False,28.56,0.0,0.0,1684,ok,28.57,0.04,1.1,1495,ok,99.5,17.9,,,,,,,,,
2026-06-30 09:10:06,pzem017_pair,True,312561,eeprom_restore,rest_ocv_correction,28.571,False,28.56,0.0,0.0,1684,ok,28.57,0.04,1.1,1495,ok,99.5,17.9,,,,,,,,,
2026-06-30 09:10:07,pzem017_pair,True,313568,eeprom_restore,rest_ocv_correction,28.57,False,28.56,0.0,0.0,1684,ok,28.57,0.04,1.1,1495,ok,99.5,17.9,,,,,,,,,
2026-06-30 09:10:08,pzem017_pair,True,314556,eeprom_restore,rest_ocv_correction,28.569,False,28.56,0.0,0.0,1684,ok,28.57,0.04,1.1,1495,ok,99.4,17.9,,,,,,,,,
2026-06-30 09:10:09,pzem017_pair,True,315556,eeprom_restore,coulomb_count,28.562,False,28.54,0.0,0.0,1684,ok,28.53,0.8,22.8,1495,ok,99.4,17.9,22.374,,,,,,,,
2026-06-30 09:10:10,pzem017_pair,True,316559,eeprom_restore,coulomb_count,28.551,False,28.51,0.0,0.0,1684,ok,28.5,0.65,18.5,1495,ok,99.4,17.9,24.956,,,,,,,,
2026-06-30 09:10:11,pzem017_pair,True,317560,eeprom_restore,coulomb_count,28.539,False,28.5,0.0,0.0,1684,ok,28.48,0.64,18.2,1495,ok,99.4,17.9,25.959,,,,,,,,
2026-06-30 09:10:12,pzem017_pair,True,318557,eeprom_restore,coulomb_count,28.522,False,28.48,0.0,0.0,1684,ok,28.43,1.76,50.0,1495,ok,99.4,17.9,22.012,,,,,,,,
2026-06-30 09:10:13,pzem017_pair,True,319560,eeprom_restore,coulomb_count,28.506,False,28.45,0.0,0.0,1684,ok,28.44,0.63,17.9,1495,ok,99.4,17.9,23.292,,,,,,,,
2026-06-30 09:10:14,pzem017_pair,True,320566,eeprom_restore,coulomb_count,28.492,False,28.44,0.0,0.0,1684,ok,28.43,1.31,37.2,1495,ok,99.4,17.9,21.687,,,,,,,,
2026-06-30 09:10:15,pzem017_pair,True,321554,eeprom_restore,coulomb_count,28.473,False,28.4,0.0,0.0,1684,ok,28.39,0.81,22.9,1495,ok,99.4,17.9,21.745,,,,,,,,
2026-06-30 09:10:16,pzem017_pair,True,322555,eeprom_restore,coulomb_count,28.455,False,28.4,0.0,0.0,1684,ok,28.37,0.85,24.1,1495,ok,99.4,17.9,21.659,,,,,,,,
2026-06-30 09:10:17,pzem017_pair,True,323560,eeprom_restore,coulomb_count,28.439,False,28.38,0.0,0.0,1684,ok,28.37,0.77,21.8,1495,ok,99.4,17.9,21.835,,,,,,,,
2026-06-30 09:10:18,pzem017_pair,True,324563,eeprom_restore,coulomb_count,28.423,False,28.37,0.0,0.0,1684,ok,28.35,0.66,18.7,1495,ok,99.4,17.9,22.363,,,,,,,,
2026-06-30 09:10:19,pzem017_pair,True,325555,eeprom_restore,coulomb_count,28.409,False,28.36,0.0,0.0,1684,ok,28.34,0.67,18.9,1495,ok,99.4,17.9,22.759,,,,,,,,
2026-06-30 09:10:20,pzem017_pair,True,326563,eeprom_restore,coulomb_count,28.392,False,28.34,0.0,0.0,1684,ok,28.31,0.72,20.3,1495,ok,99.4,17.9,22.933,,,,,,,,
2026-06-30 09:10:21,pzem017_pair,True,327567,eeprom_restore,coulomb_count,28.37,False,28.3,0.0,0.0,1684,ok,28.26,0.81,22.8,1495,ok,99.4,17.9,22.869,,,,,,,,
2026-06-30 09:10:22,pzem017_pair,True,328570,eeprom_restore,coulomb_count,28.353,False,28.3,0.0,0.0,1684,ok,28.27,1.22,34.4,1495,ok,99.4,17.9,22.283,,,,,,,,
2026-06-30 09:10:23,pzem017_pair,True,329558,eeprom_restore,coulomb_count,28.336,False,28.27,0.0,0.0,1684,ok,28.27,1.13,31.9,1495,ok,99.4,17.9,21.853,,,,,,,,
2026-06-30 09:10:24,pzem017_pair,True,330559,eeprom_restore,coulomb_count,28.323,False,28.28,0.0,0.0,1684,ok,28.26,0.66,18.6,1495,ok,99.4,17.9,22.182,,,,,,,,
2026-06-30 09:10:25,pzem017_pair,True,331560,eeprom_restore,coulomb_count,28.311,False,28.27,0.0,0.0,1684,ok,28.26,0.69,19.4,1495,ok,99.4,17.9,22.403,,,,,,,,
2026-06-30 09:10:26,pzem017_pair,True,332557,eeprom_restore,coulomb_count,28.3,False,28.26,0.0,0.0,1684,ok,28.25,0.68,19.2,1495,ok,99.4,17.9,22.62,,,,,,,,
2026-06-30 09:10:27,pzem017_pair,True,333559,eeprom_restore,coulomb_count,28.289,False,28.25,0.0,0.0,1684,ok,28.24,0.65,18.3,1495,ok,99.4,17.9,22.879,,,,,,,,
2026-06-30 09:10:28,pzem017_pair,True,334566,eeprom_restore,coulomb_count,28.276,False,28.24,0.0,0.0,1684,ok,28.21,0.65,18.3,1495,ok,99.4,17.9,23.111,,,,,,,,
2026-06-30 09:10:29,pzem017_pair,True,335571,eeprom_restore,coulomb_count,28.266,False,28.23,0.0,0.0,1684,ok,28.22,0.62,17.4,1495,ok,99.4,17.9,23.385,,,,,,,,
2026-06-30 09:10:30,pzem017_pair,True,336553,eeprom_restore,coulomb_count,28.256,False,28.22,0.0,0.0,1684,ok,28.21,0.67,18.9,1495,ok,99.4,17.9,23.536,,,,,,,,
2026-06-30 09:10:31,pzem017_pair,True,337559,eeprom_restore,coulomb_count,28.245,False,28.21,0.0,0.0,1684,ok,28.19,1.19,33.5,1495,ok,99.4,17.9,23.167,,,,,,,,
2026-06-30 09:10:32,pzem017_pair,True,338557,eeprom_restore,coulomb_count,28.234,False,28.2,0.0,0.0,1684,ok,28.18,0.59,16.6,1495,ok,99.4,17.9,23.465,,,,,,,,
2026-06-30 09:10:33,pzem017_pair,True,339561,eeprom_restore,coulomb_count,28.224,False,28.19,0.0,0.0,1684,ok,28.18,0.66,18.5,1495,ok,99.4,17.9,23.611,,,,,,,,
2026-06-30 09:10:34,pzem017_pair,True,340560,eeprom_restore,coulomb_count,28.213,False,28.17,0.0,0.0,1684,ok,28.17,0.67,18.8,1495,ok,99.4,17.9,23.73,,,,,,,,
2026-06-30 09:10:35,pzem017_pair,True,341565,eeprom_restore,coulomb_count,28.198,False,28.16,0.0,0.0,1684,ok,28.11,1.22,34.2,1495,ok,99.4,17.9,23.394,,,,,,,,
2026-06-30 09:10:36,pzem017_pair,True,342572,eeprom_restore,coulomb_count,28.186,False,28.15,0.0,0.0,1684,ok,28.13,0.65,18.2,1495,ok,99.4,17.9,23.542,,,,,,,,
2026-06-30 09:10:37,pzem017_pair,True,343555,eeprom_restore,coulomb_count,28.175,False,28.15,0.0,0.0,1684,ok,28.11,0.65,18.2,1495,ok,99.4,17.9,23.68,,,,,,,,
2026-06-30 09:10:38,pzem017_pair,True,344556,eeprom_restore,coulomb_count,28.163,False,28.14,0.0,0.0,1684,ok,28.09,0.7,19.6,1495,ok,99.4,17.9,23.742,,,,,,,,
2026-06-30 09:10:39,pzem017_pair,True,345555,eeprom_restore,coulomb_count,28.152,False,28.12,0.0,0.0,1684,ok,28.1,0.69,19.3,1495,ok,99.4,17.9,23.813,,,,,,,,
2026-06-30 09:10:40,pzem017_pair,True,346556,eeprom_restore,coulomb_count,28.144,False,28.12,0.0,0.0,1684,ok,28.1,0.66,18.5,1495,ok,99.4,17.9,23.916,,,,,,,,
2026-06-30 09:10:41,pzem017_pair,True,347562,eeprom_restore,coulomb_count,28.135,False,28.11,0.0,0.0,1684,ok,28.09,0.74,20.7,1495,ok,99.4,17.9,23.924,,,,,,,,
2026-06-30 09:10:42,pzem017_pair,True,348565,eeprom_restore,coulomb_count,28.127,False,28.1,0.0,0.0,1684,ok,28.09,0.63,17.6,1495,ok,99.4,17.9,24.055,,,,,,,,
2026-06-30 09:10:43,pzem017_pair,True,349572,eeprom_restore,coulomb_count,28.119,False,28.09,0.0,0.0,1684,ok,28.08,0.69,19.3,1495,ok,99.4,17.9,24.109,,,,,,,,
2026-06-30 09:10:44,pzem017_pair,True,350573,eeprom_restore,coulomb_count,28.111,False,28.09,0.0,0.0,1684,ok,28.07,0.63,17.6,1495,ok,99.4,17.9,24.228,,,,,,,,
2026-06-30 09:10:45,pzem017_pair,True,351553,eeprom_restore,coulomb_count,28.104,False,28.08,0.0,0.0,1684,ok,28.07,0.65,18.2,1495,ok,99.4,17.9,24.317,,,,,,,,
2026-06-30 09:10:46,pzem017_pair,True,352555,eeprom_restore,coulomb_count,28.084,False,28.03,0.0,0.0,1684,ok,27.98,1.47,41.1,1495,ok,99.4,17.9,23.998,,,,,,,,
2026-06-30 09:10:47,pzem017_pair,True,353555,eeprom_restore,coulomb_count,28.074,False,28.04,0.0,0.0,1684,ok,28.03,0.72,20.1,1495,ok,99.4,17.9,24.019,,,,,,,,
2026-06-30 09:10:48,pzem017_pair,True,354558,eeprom_restore,coulomb_count,28.065,False,28.04,0.0,0.0,1684,ok,28.02,0.7,19.6,1495,ok,99.4,17.9,24.058,,,,,,,,
2026-06-30 09:10:49,pzem017_pair,True,355565,eeprom_restore,coulomb_count,28.057,False,28.03,0.0,0.0,1684,ok,28.02,0.72,20.1,1495,ok,99.4,17.9,24.077,,,,,,,,
2026-06-30 09:10:50,pzem017_pair,True,356567,eeprom_restore,coulomb_count,28.051,False,28.03,0.0,0.0,1684,ok,28.02,0.72,20.1,1495,ok,99.4,17.9,24.096,,,,,,,,
2026-06-30 09:10:51,pzem017_pair,True,357559,eeprom_restore,coulomb_count,28.044,False,28.02,0.0,0.0,1684,ok,28.01,0.7,19.6,1495,ok,99.4,17.9,24.13,,,,,,,,
2026-06-30 09:10:52,pzem017_pair,True,358557,eeprom_restore,coulomb_count,28.037,False,28.02,0.0,0.0,1684,ok,28.0,0.65,18.2,1495,ok,99.4,17.9,24.207,,,,,,,,
2026-06-30 09:10:53,pzem017_pair,True,359562,eeprom_restore,coulomb_count,28.031,False,28.01,0.0,0.0,1684,ok,28.0,0.66,18.4,1495,ok,99.4,17.9,24.271,,,,,,,,
2026-06-30 09:10:54,pzem017_pair,True,360557,eeprom_restore,coulomb_count,28.024,False,28.01,0.0,0.0,1684,ok,27.99,0.66,18.4,1495,ok,99.4,17.9,24.333,,,,,,,,
2026-06-30 09:10:55,pzem017_pair,True,361556,eeprom_restore,coulomb_count,28.019,False,28.0,0.0,0.0,1684,ok,27.99,0.69,19.3,1495,ok,99.4,17.9,24.367,,,,,,,,
2026-06-30 09:10:56,pzem017_pair,True,362564,eeprom_restore,coulomb_count,28.012,False,27.99,0.0,0.0,1684,ok,27.98,0.67,18.7,1495,ok,99.4,17.9,24.415,,,,,,,,
2026-06-30 09:10:57,pzem017_pair,True,363568,eeprom_restore,coulomb_count,28.005,False,27.99,0.0,0.0,1684,ok,27.97,0.66,18.4,1495,ok,99.4,17.9,24.47,,,,,,,,
2026-06-30 09:10:58,pzem017_pair,True,364556,eeprom_restore,coulomb_count,27.999,False,27.98,0.0,0.0,1684,ok,27.97,0.65,18.1,1495,ok,99.4,17.9,24.531,,,,,,,,
2026-06-30 09:10:59,pzem017_pair,True,365558,eeprom_restore,coulomb_count,27.993,False,27.98,0.0,0.0,1684,ok,27.95,0.67,18.7,1495,ok,99.4,17.9,24.574,,,,,,,,
2026-06-30 09:11:00,pzem017_pair,True,366555,eeprom_restore,coulomb_count,27.986,False,27.97,0.0,0.0,1684,ok,27.95,0.68,19.0,1495,ok,99.4,17.9,24.607,,,,,,,,
2026-06-30 09:11:01,pzem017_pair,True,367558,eeprom_restore,coulomb_count,27.98,False,27.96,0.0,0.0,1684,ok,27.95,0.68,19.0,1495,ok,99.4,17.9,24.639,,,,,,,,
2026-06-30 09:11:02,pzem017_pair,True,368558,eeprom_restore,coulomb_count,27.975,False,27.96,0.0,0.0,1684,ok,27.95,0.66,18.4,1495,ok,99.4,17.9,24.685,,,,,,,,
2026-06-30 09:11:03,pzem017_pair,True,369565,eeprom_restore,coulomb_count,27.959,False,27.94,0.0,0.0,1684,ok,27.85,1.12,31.1,1495,ok,99.4,17.9,24.526,,,,,,,,
2026-06-30 09:11:04,pzem017_pair,True,370571,eeprom_restore,coulomb_count,27.951,False,27.92,0.0,0.0,1684,ok,27.92,0.67,18.7,1495,ok,99.4,17.9,24.565,,,,,,,,
2026-06-30 09:11:05,pzem017_pair,True,371558,eeprom_restore,coulomb_count,27.946,False,27.93,0.0,0.0,1684,ok,27.92,0.61,17.0,1495,ok,99.4,17.9,24.648,,,,,,,,
2026-06-30 09:11:06,pzem017_pair,True,372561,eeprom_restore,coulomb_count,27.94,False,27.92,0.0,0.0,1684,ok,27.91,0.62,17.3,1495,ok,99.4,17.9,24.721,,,,,,,,
2026-06-30 09:11:07,pzem017_pair,True,373557,eeprom_restore,coulomb_count,27.934,False,27.92,0.0,0.0,1684,ok,27.9,0.66,18.4,1495,ok,99.4,17.9,24.761,,,,,,,,
2026-06-30 09:11:08,pzem017_pair,True,374556,eeprom_restore,coulomb_count,27.928,False,27.91,0.0,0.0,1684,ok,27.9,0.66,18.4,1495,ok,99.4,17.9,24.8,,,,,,,,
2026-06-30 09:11:09,pzem017_pair,True,375557,eeprom_restore,coulomb_count,27.921,False,27.9,0.0,0.0,1684,ok,27.89,0.66,18.4,1495,ok,99.4,17.9,24.879,,,,,,,,
2026-06-30 09:11:10,pzem017_pair,True,376564,eeprom_restore,coulomb_count,27.914,False,27.9,0.0,0.0,1684,ok,27.87,0.66,18.3,1495,ok,99.4,17.9,24.872,,,,,,,,
2026-06-30 09:11:11,pzem017_pair,True,377570,eeprom_restore,coulomb_count,27.91,False,27.9,0.0,0.0,1684,ok,27.89,0.62,17.2,1495,ok,99.4,17.9,24.886,,,,,,,,
2026-06-30 09:11:12,pzem017_pair,True,378556,eeprom_restore,coulomb_count,27.901,False,27.89,0.0,0.0,1684,ok,27.84,0.75,20.8,1495,ok,99.4,17.9,25.114,,,,,,,,
2026-06-30 09:11:13,pzem017_pair,True,379554,eeprom_restore,coulomb_count,27.896,False,27.88,0.0,0.0,1684,ok,27.87,0.68,18.9,1495,ok,99.4,17.9,25.079,,,,,,,,
2026-06-30 09:11:14,pzem017_pair,True,380559,eeprom_restore,coulomb_count,27.892,False,27.88,0.0,0.0,1684,ok,27.87,0.66,18.3,1495,ok,99.4,17.9,25.303,,,,,,,,
2026-06-30 09:11:15,pzem017_pair,True,381562,eeprom_restore,coulomb_count,27.885,False,27.87,0.0,0.0,1684,ok,27.85,0.73,20.3,1495,ok,99.4,17.9,25.343,,,,,,,,
2026-06-30 09:11:16,pzem017_pair,True,382556,eeprom_restore,coulomb_count,27.879,False,27.86,0.0,0.0,1684,ok,27.85,0.69,19.2,1495,ok,99.4,17.9,25.424,,,,,,,,
2026-06-30 09:11:17,pzem017_pair,True,383562,eeprom_restore,coulomb_count,27.874,False,27.86,0.0,0.0,1684,ok,27.85,0.72,20.0,1495,ok,99.4,17.9,25.451,,,,,,,,
2026-06-30 09:11:18,pzem017_pair,True,384564,eeprom_restore,coulomb_count,27.87,False,27.86,0.0,0.0,1684,ok,27.84,0.68,18.9,1495,ok,99.4,17.9,25.437,,,,,,,,
2026-06-30 09:11:19,pzem017_pair,True,385556,eeprom_restore,coulomb_count,27.862,False,27.85,0.0,0.0,1684,ok,27.81,2.42,67.3,1495,ok,99.4,17.9,25.115,,,,,,,,
2026-06-30 09:11:20,pzem017_pair,True,386558,eeprom_restore,coulomb_count,27.843,False,27.79,0.0,0.0,1684,ok,27.75,1.77,49.1,1495,ok,99.4,17.9,24.87,,,,,,,,
2026-06-30 09:11:21,pzem017_pair,True,387557,eeprom_restore,coulomb_count,27.836,False,27.81,0.0,0.0,1684,ok,27.8,0.68,18.9,1495,ok,99.4,17.9,24.94,,,,,,,,
2026-06-30 09:11:22,pzem017_pair,True,388558,eeprom_restore,coulomb_count,27.83,False,27.81,0.0,0.0,1684,ok,27.8,0.66,18.3,1495,ok,99.4,17.9,25.147,,,,,,,,
2026-06-30 09:11:23,pzem017_pair,True,389554,eeprom_restore,coulomb_count,27.825,False,27.81,0.0,0.0,1684,ok,27.8,0.65,18.0,1495,ok,99.4,17.9,25.341,,,,,,,,
2026-06-30 09:11:24,pzem017_pair,True,390560,eeprom_restore,coulomb_count,27.821,False,27.81,0.0,0.0,1684,ok,27.8,0.69,19.1,1495,ok,99.3,17.9,25.321,,,,,,,,
2026-06-30 09:11:25,pzem017_pair,True,391566,eeprom_restore,coulomb_count,27.816,False,27.8,0.0,0.0,1684,ok,27.79,0.66,18.3,1495,ok,99.3,17.9,25.341,,,,,,,,
2026-06-30 09:11:26,pzem017_pair,True,392570,eeprom_restore,coulomb_count,27.811,False,27.8,0.0,0.0,1684,ok,27.79,0.65,18.0,1495,ok,99.3,17.9,25.361,,,,,,,,
2026-06-30 09:11:27,pzem017_pair,True,393558,eeprom_restore,coulomb_count,27.8,False,27.76,0.0,0.0,1684,ok,27.75,0.83,23.0,1495,ok,99.3,17.9,25.261,,,,,,,,
2026-06-30 09:11:28,pzem017_pair,True,394558,eeprom_restore,coulomb_count,27.795,False,27.78,0.0,0.0,1684,ok,27.77,0.68,18.8,1495,ok,99.3,17.9,25.24,,,,,,,,
2026-06-30 09:11:29,pzem017_pair,True,395556,eeprom_restore,coulomb_count,27.79,False,27.78,0.0,0.0,1684,ok,27.76,0.76,21.0,1495,ok,99.3,17.9,25.151,,,,,,,,
2026-06-30 09:11:30,pzem017_pair,True,396559,eeprom_restore,coulomb_count,27.786,False,27.78,0.0,0.0,1684,ok,27.76,0.67,18.5,1495,ok,99.3,17.9,25.151,,,,,,,,
2026-06-30 09:11:31,pzem017_pair,True,397562,eeprom_restore,coulomb_count,27.776,False,27.76,0.0,0.0,1684,ok,27.71,1.35,37.4,1495,ok,99.3,17.9,25.121,,,,,,,,
2026-06-30 09:11:32,pzem017_pair,True,398564,eeprom_restore,coulomb_count,27.771,False,27.75,0.0,0.0,1684,ok,27.75,0.67,18.5,1495,ok,99.3,17.9,25.061,,,,,,,,
2026-06-30 09:11:33,pzem017_pair,True,399568,eeprom_restore,coulomb_count,27.766,False,27.75,0.0,0.0,1684,ok,27.74,0.67,18.5,1495,ok,99.3,17.9,25.054,,,,,,,,
2026-06-30 09:11:34,pzem017_pair,True,400556,eeprom_restore,coulomb_count,27.762,False,27.75,0.0,0.0,1684,ok,27.75,0.66,18.3,1495,ok,99.3,17.9,25.06,,,,,,,,
2026-06-30 09:11:35,pzem017_pair,True,401554,eeprom_restore,coulomb_count,27.759,False,27.75,0.0,0.0,1684,ok,27.74,0.65,18.0,1495,ok,99.3,17.9,25.274,,,,,,,,
2026-06-30 09:11:36,pzem017_pair,True,402556,eeprom_restore,coulomb_count,27.755,False,27.75,0.0,0.0,1684,ok,27.73,0.67,18.5,1495,ok,99.3,17.9,25.26,,,,,,,,
2026-06-30 09:11:37,pzem017_pair,True,403558,eeprom_restore,coulomb_count,27.751,False,27.74,0.0,0.0,1684,ok,27.73,0.69,19.1,1495,ok,99.3,17.9,25.233,,,,,,,,
2026-06-30 09:11:38,pzem017_pair,True,404559,eeprom_restore,coulomb_count,27.748,False,27.74,0.0,0.0,1684,ok,27.73,0.66,18.3,1495,ok,99.3,17.9,25.259,,,,,,,,
2026-06-30 09:11:39,pzem017_pair,True,405565,eeprom_restore,coulomb_count,27.743,False,27.73,0.0,0.0,1684,ok,27.72,0.64,17.7,1495,ok,99.3,17.9,25.292,,,,,,,,
2026-06-30 09:11:40,pzem017_pair,True,406568,eeprom_restore,coulomb_count,27.739,False,27.73,0.0,0.0,1684,ok,27.71,0.74,20.5,1495,ok,99.3,17.9,25.243,,,,,,,,
2026-06-30 09:11:41,pzem017_pair,True,407557,eeprom_restore,coulomb_count,27.73,False,27.71,0.0,0.0,1684,ok,27.68,1.09,30.1,1495,ok,99.3,17.9,25.113,,,,,,,,
2026-06-30 09:11:42,pzem017_pair,True,408560,eeprom_restore,coulomb_count,27.717,False,27.71,0.0,0.0,1684,ok,27.62,2.02,55.7,1495,ok,99.3,17.9,24.787,,,,,,,,
2026-06-30 09:11:43,pzem017_pair,True,409558,eeprom_restore,coulomb_count,27.71,False,27.67,0.0,0.0,1684,ok,27.69,0.71,19.6,1495,ok,99.3,17.9,24.775,,,,,,,,
2026-06-30 09:11:44,pzem017_pair,True,410555,eeprom_restore,coulomb_count,27.699,False,27.7,0.0,0.0,1684,ok,27.61,1.88,51.9,1495,ok,99.3,17.9,24.46,,,,,,,,
2026-06-30 09:11:45,pzem017_pair,True,411559,eeprom_restore,coulomb_count,27.692,False,27.66,0.0,0.0,1684,ok,27.67,0.73,20.1,1495,ok,99.3,17.9,24.41,,,,,,,,
2026-06-30 09:11:46,pzem017_pair,True,412564,eeprom_restore,coulomb_count,27.666,False,27.67,0.0,0.0,1684,ok,27.45,1.98,54.3,1495,ok,99.3,17.9,24.357,,,,,,,,
2026-06-30 09:11:47,pzem017_pair,True,413567,eeprom_restore,coulomb_count,27.635,False,27.57,0.0,0.0,1684,ok,27.46,1.72,47.2,1495,ok,99.3,17.9,24.116,,,,,,,,
2026-06-30 09:11:48,pzem017_pair,True,414557,eeprom_restore,coulomb_count,27.608,False,27.53,0.0,0.0,1684,ok,27.47,3.27,89.8,1495,ok,99.3,17.9,23.781,,,,,,,,
2026-06-30 09:11:49,pzem017_pair,True,415559,eeprom_restore,coulomb_count,27.583,False,27.51,0.0,0.0,1684,ok,27.45,2.98,81.8,1495,ok,99.3,17.9,23.467,,,,,,,,
2026-06-30 09:11:50,pzem017_pair,True,416557,eeprom_restore,coulomb_count,27.551,False,27.48,0.0,0.0,1684,ok,27.37,2.76,75.5,1495,ok,99.3,17.9,23.161,,,,,,,,
2026-06-30 09:11:51,pzem017_pair,True,417561,eeprom_restore,coulomb_count,27.521,False,27.45,0.0,0.0,1684,ok,27.35,2.32,63.4,1495,ok,99.3,17.9,22.864,,,,,,,,
2026-06-30 09:11:52,pzem017_pair,True,418559,eeprom_restore,coulomb_count,27.495,False,27.43,0.0,0.0,1684,ok,27.35,2.38,65.0,1495,ok,99.3,17.9,22.53,,,,,,,,
2026-06-30 09:11:53,pzem017_pair,True,419571,eeprom_restore,coulomb_count,27.473,False,27.43,0.0,0.0,1684,ok,27.34,2.68,73.2,1495,ok,99.3,17.9,22.189,,,,,,,,
2026-06-30 09:11:54,pzem017_pair,True,420566,eeprom_restore,coulomb_count,27.452,False,27.42,0.0,0.0,1684,ok,27.32,2.6,71.0,1495,ok,99.3,17.9,21.852,,,,,,,,
2026-06-30 09:11:55,pzem017_pair,True,421554,eeprom_restore,coulomb_count,27.429,False,27.4,0.0,0.0,1684,ok,27.27,2.37,64.6,1495,ok,99.3,17.9,21.546,,,,,,,,
2026-06-30 09:11:56,pzem017_pair,True,422557,eeprom_restore,coulomb_count,27.412,False,27.38,0.0,0.0,1684,ok,27.31,2.62,71.5,1495,ok,99.3,17.9,21.214,,,,,,,,
2026-06-30 09:11:57,pzem017_pair,True,423558,eeprom_restore,coulomb_count,27.396,False,27.37,0.0,0.0,1684,ok,27.29,2.55,69.5,1495,ok,99.3,17.9,20.88,,,,,,,,
2026-06-30 09:11:58,pzem017_pair,True,424560,eeprom_restore,coulomb_count,27.378,False,27.35,0.0,0.0,1684,ok,27.27,3.05,83.1,1495,ok,99.3,17.9,20.518,,,,,,,,
2026-06-30 09:11:59,pzem017_pair,True,425557,eeprom_restore,coulomb_count,27.36,False,27.34,0.0,0.0,1684,ok,27.23,2.26,61.5,1495,ok,99.3,17.9,20.205,,,,,,,,
2026-06-30 09:12:00,pzem017_pair,True,426561,eeprom_restore,coulomb_count,27.344,False,27.33,0.0,0.0,1684,ok,27.23,2.79,75.9,1495,ok,99.3,17.9,19.874,,,,,,,,
2026-06-30 09:12:01,pzem017_pair,True,427568,eeprom_restore,coulomb_count,27.33,False,27.32,0.0,0.0,1684,ok,27.23,1.9,51.7,1495,ok,99.3,17.9,19.592,,,,,,,,
2026-06-30 09:12:02,pzem017_pair,True,428569,eeprom_restore,coulomb_count,27.32,False,27.31,0.0,0.0,1684,ok,27.25,2.13,58.0,1495,ok,99.3,17.9,19.28,,,,,,,,
2026-06-30 09:12:03,pzem017_pair,True,429556,eeprom_restore,coulomb_count,27.309,False,27.3,0.0,0.0,1684,ok,27.23,2.5,68.0,1495,ok,99.3,17.9,19.133,,,,,,,,
2026-06-30 09:12:04,pzem017_pair,True,430557,eeprom_restore,coulomb_count,27.296,False,27.28,0.0,0.0,1684,ok,27.21,2.22,60.4,1495,ok,99.2,17.9,18.822,,,,,,,,
2026-06-30 09:12:05,pzem017_pair,True,431558,eeprom_restore,coulomb_count,27.287,False,27.28,0.0,0.0,1684,ok,27.22,2.74,74.5,1495,ok,99.2,17.9,18.442,,,,,,,,
2026-06-30 09:12:06,pzem017_pair,True,432559,eeprom_restore,coulomb_count,27.288,False,27.3,0.0,0.0,1684,ok,27.28,2.24,61.1,1495,ok,99.2,17.9,18.094,,,,,,,,
2026-06-30 09:12:07,pzem017_pair,True,433558,eeprom_restore,coulomb_count,27.279,False,27.31,0.0,0.0,1684,ok,27.18,1.61,43.7,1496,ok,99.2,17.9,17.827,,,,,,,,
2026-06-30 09:12:08,pzem017_pair,True,434566,eeprom_restore,coulomb_count,27.275,False,27.3,0.0,0.0,1684,ok,27.22,1.98,53.8,1496,ok,99.2,17.9,17.526,,,,,,,,
2026-06-30 09:12:09,pzem017_pair,True,435570,eeprom_restore,coulomb_count,27.271,False,27.28,0.0,0.0,1684,ok,27.23,1.65,44.9,1496,ok,99.2,17.9,17.255,,,,,,,,
2026-06-30 09:12:10,pzem017_pair,True,436558,eeprom_restore,coulomb_count,27.26,False,27.27,0.0,0.0,1684,ok,27.16,2.89,78.4,1496,ok,99.2,17.9,16.906,,,,,,,,
2026-06-30 09:12:11,pzem017_pair,True,437556,eeprom_restore,coulomb_count,27.246,False,27.23,0.0,0.0,1684,ok,27.15,1.94,52.6,1496,ok,99.2,17.9,16.579,,,,,,,,
2026-06-30 09:12:12,pzem017_pair,True,438558,eeprom_restore,coulomb_count,27.234,False,27.22,0.0,0.0,1684,ok,27.15,2.35,63.8,1496,ok,99.2,17.9,16.308,,,,,,,,
2026-06-30 09:12:13,pzem017_pair,True,439556,eeprom_restore,coulomb_count,27.223,False,27.21,0.0,0.0,1684,ok,27.15,2.68,72.7,1496,ok,99.2,17.9,15.98,,,,,,,,
2026-06-30 09:12:14,pzem017_pair,True,440559,eeprom_restore,coulomb_count,27.21,False,27.2,0.0,0.0,1684,ok,27.12,2.42,65.6,1496,ok,99.2,17.9,15.652,,,,,,,,
2026-06-30 09:12:15,pzem017_pair,True,441566,eeprom_restore,coulomb_count,27.2,False,27.19,0.0,0.0,1684,ok,27.13,2.55,69.1,1496,ok,99.2,17.9,15.36,,,,,,,,
2026-06-30 09:12:16,pzem017_pair,True,442568,eeprom_restore,coulomb_count,27.189,False,27.18,0.0,0.0,1684,ok,27.11,2.39,64.7,1496,ok,99.2,17.9,15.053,,,,,,,,
2026-06-30 09:12:17,pzem017_pair,True,443556,eeprom_restore,coulomb_count,27.176,False,27.17,0.0,0.0,1684,ok,27.08,2.28,61.7,1496,ok,99.2,17.9,14.769,,,,,,,,
2026-06-30 09:12:18,pzem017_pair,True,444558,eeprom_restore,coulomb_count,27.166,False,27.16,0.0,0.0,1684,ok,27.09,2.34,63.3,1496,ok,99.2,17.9,14.458,,,,,,,,
2026-06-30 09:12:19,pzem017_pair,True,445557,eeprom_restore,coulomb_count,27.165,False,27.17,0.0,0.0,1684,ok,27.15,2.65,71.9,1496,ok,99.2,17.9,14.447,,,,,,,,
2026-06-30 09:12:20,pzem017_pair,True,446558,eeprom_restore,coulomb_count,27.165,False,27.18,0.0,0.0,1684,ok,27.15,2.12,57.5,1496,ok,99.2,17.9,14.419,,,,,,,,
2026-06-30 09:12:21,pzem017_pair,True,447556,eeprom_restore,coulomb_count,27.157,False,27.17,0.0,0.0,1684,ok,27.08,1.97,53.3,1496,ok,99.2,17.9,14.132,,,,,,,,
2026-06-30 09:12:22,pzem017_pair,True,448560,eeprom_restore,coulomb_count,27.154,False,27.14,0.0,0.0,1684,ok,27.14,2.16,58.6,1496,ok,99.2,17.9,13.818,,,,,,,,
2026-06-30 09:12:23,pzem017_pair,True,449565,eeprom_restore,coulomb_count,27.145,False,27.13,0.0,0.0,1684,ok,27.09,1.79,48.4,1496,ok,99.2,17.9,13.526,,,,,,,,
2026-06-30 09:12:24,pzem017_pair,True,450553,eeprom_restore,coulomb_count,27.133,False,27.12,0.0,0.0,1684,ok,27.05,2.44,66.0,1496,ok,99.2,17.9,13.216,,,,,,,,
2026-06-30 09:12:25,pzem017_pair,True,451556,eeprom_restore,coulomb_count,27.132,False,27.12,0.0,0.0,1684,ok,27.14,2.38,64.5,1496,ok,99.2,17.9,12.889,,,,,,,,
2026-06-30 09:12:26,pzem017_pair,True,452561,eeprom_restore,coulomb_count,27.121,False,27.12,0.0,0.0,1684,ok,27.03,1.84,49.7,1496,ok,99.2,17.9,12.592,,,,,,,,
2026-06-30 09:12:27,pzem017_pair,True,453558,eeprom_restore,coulomb_count,27.112,False,27.1,0.0,0.0,1684,ok,27.05,2.06,55.7,1496,ok,99.2,17.9,12.378,,,,,,,,
2026-06-30 09:12:28,pzem017_pair,True,454558,eeprom_restore,coulomb_count,27.104,False,27.1,0.0,0.0,1684,ok,27.05,2.5,67.6,1496,ok,99.2,17.8,12.058,,,,,,,,
2026-06-30 09:12:29,pzem017_pair,True,455559,eeprom_restore,coulomb_count,27.097,False,27.09,0.0,0.0,1684,ok,27.05,2.53,68.4,1496,ok,99.2,17.8,11.784,,,,,,,,
2026-06-30 09:12:30,pzem017_pair,True,456564,eeprom_restore,coulomb_count,27.087,False,27.09,0.0,0.0,1684,ok,27.0,2.12,57.2,1496,ok,99.2,17.8,11.479,,,,,,,,
2026-06-30 09:12:31,pzem017_pair,True,457568,eeprom_restore,coulomb_count,27.081,False,27.07,0.0,0.0,1684,ok,27.04,2.22,60.0,1496,ok,99.2,17.8,11.393,,,,,,,,
2026-06-30 09:12:32,pzem017_pair,True,458556,eeprom_restore,coulomb_count,27.073,False,27.07,0.0,0.0,1684,ok,27.02,1.9,51.3,1496,ok,99.2,17.8,11.104,,,,,,,,
2026-06-30 09:12:33,pzem017_pair,True,459561,eeprom_restore,coulomb_count,27.067,False,27.07,0.0,0.0,1684,ok,27.01,2.31,62.3,1496,ok,99.1,17.8,10.788,,,,,,,,
2026-06-30 09:12:34,pzem017_pair,True,460554,eeprom_restore,coulomb_count,27.059,False,27.06,0.0,0.0,1684,ok,27.0,2.4,64.8,1496,ok,99.1,17.8,10.461,,,,,,,,
2026-06-30 09:12:35,pzem017_pair,True,461558,eeprom_restore,coulomb_count,27.053,False,27.05,0.0,0.0,1684,ok,27.0,2.12,57.2,1496,ok,99.1,17.8,10.142,,,,,,,,
2026-06-30 09:12:36,pzem017_pair,True,462557,eeprom_restore,coulomb_count,27.043,False,27.04,0.0,0.0,1684,ok,26.97,2.25,60.6,1496,ok,99.1,17.8,9.83,,,,,,,,
2026-06-30 09:12:37,pzem017_pair,True,463574,eeprom_restore,coulomb_count,27.035,False,27.04,0.0,0.0,1684,ok,26.97,2.48,66.8,1496,ok,99.1,17.8,9.518,,,,,,,,
2026-06-30 09:12:38,pzem017_pair,True,464567,eeprom_restore,coulomb_count,27.028,False,27.04,0.0,0.0,1684,ok,26.96,2.09,56.3,1496,ok,99.1,17.8,9.209,,,,,,,,
2026-06-30 09:12:39,pzem017_pair,True,465559,eeprom_restore,coulomb_count,27.022,False,27.04,0.0,0.0,1684,ok,26.95,2.09,56.3,1496,ok,99.1,17.8,8.885,,,,,,,,
2026-06-30 09:12:40,pzem017_pair,True,466557,eeprom_restore,coulomb_count,27.014,False,27.02,0.0,0.0,1684,ok,26.95,2.24,60.3,1496,ok,99.1,17.8,8.615,,,,,,,,
2026-06-30 09:12:41,pzem017_pair,True,467559,eeprom_restore,coulomb_count,27.008,False,27.01,0.0,0.0,1684,ok,26.96,2.27,61.1,1496,ok,99.1,17.8,8.473,,,,,,,,
2026-06-30 09:12:42,pzem017_pair,True,468555,eeprom_restore,coulomb_count,27.003,False,27.01,0.0,0.0,1684,ok,26.95,1.94,52.2,1496,ok,99.1,17.8,8.479,,,,,,,,
2026-06-30 09:12:43,pzem017_pair,True,469560,eeprom_restore,coulomb_count,26.997,False,26.99,0.0,0.0,1684,ok,26.96,2.43,65.5,1496,ok,99.1,17.8,8.181,,,,,,,,
2026-06-30 09:12:44,pzem017_pair,True,470562,eeprom_restore,coulomb_count,26.991,False,26.99,0.0,0.0,1684,ok,26.94,2.41,64.9,1496,ok,99.1,17.8,8.146,,,,,,,,
2026-06-30 09:12:45,pzem017_pair,True,471569,eeprom_restore,coulomb_count,26.986,False,26.99,0.0,0.0,1684,ok,26.94,1.42,38.2,1496,ok,99.1,17.8,7.948,,,,,,,,
2026-06-30 09:12:46,pzem017_pair,True,472571,eeprom_restore,coulomb_count,26.985,False,26.98,0.0,0.0,1684,ok,26.99,0.69,18.6,1496,ok,99.1,17.8,8.228,,,,,,,,
2026-06-30 09:12:47,pzem017_pair,True,473557,eeprom_restore,coulomb_count,26.997,False,27.05,0.0,0.0,1684,ok,27.04,0.71,19.1,1496,ok,99.1,17.8,8.473,,,,,,,,
2026-06-30 09:12:48,pzem017_pair,True,474557,eeprom_restore,coulomb_count,27.007,False,27.05,0.0,0.0,1684,ok,27.04,0.71,19.1,1496,ok,99.1,17.8,8.801,,,,,,,,
2026-06-30 09:12:49,pzem017_pair,True,475555,eeprom_restore,coulomb_count,27.015,False,27.05,0.0,0.0,1684,ok,27.04,0.72,19.4,1496,ok,99.1,17.8,9.114,,,,,,,,
2026-06-30 09:12:50,pzem017_pair,True,476558,eeprom_restore,coulomb_count,27.021,False,27.05,0.0,0.0,1684,ok,27.04,0.71,19.1,1496,ok,99.1,17.8,9.425,,,,,,,,
2026-06-30 09:12:51,pzem017_pair,True,477562,eeprom_restore,coulomb_count,27.027,False,27.06,0.0,0.0,1684,ok,27.04,0.71,19.1,1496,ok,99.1,17.8,9.715,,,,,,,,
2026-06-30 09:12:52,pzem017_pair,True,478569,eeprom_restore,coulomb_count,27.031,False,27.06,0.0,0.0,1684,ok,27.04,0.7,18.9,1496,ok,99.1,17.8,10.015,,,,,,,,
2026-06-30 09:12:53,pzem017_pair,True,479559,eeprom_restore,coulomb_count,27.035,False,27.06,0.0,0.0,1684,ok,27.04,0.73,19.7,1496,ok,99.1,17.8,10.311,,,,,,,,
2026-06-30 09:12:54,pzem017_pair,True,480555,eeprom_restore,coulomb_count,27.037,False,27.05,0.0,0.0,1684,ok,27.04,0.72,19.4,1496,ok,99.1,17.8,10.609,,,,,,,,
2026-06-30 09:12:55,pzem017_pair,True,481559,eeprom_restore,coulomb_count,27.039,False,27.05,0.0,0.0,1684,ok,27.04,0.71,19.1,1496,ok,99.1,17.8,10.902,,,,,,,,
2026-06-30 09:12:55,pzem017_pair,True,482560,eeprom_restore,coulomb_count,27.04,False,27.05,0.0,0.0,1684,ok,27.04,0.71,19.1,1496,ok,99.1,17.8,11.207,,,,,,,,
2026-06-30 09:12:57,pzem017_pair,True,483555,eeprom_restore,coulomb_count,27.041,False,27.05,0.0,0.0,1684,ok,27.04,0.71,19.1,1496,ok,99.1,17.8,11.509,,,,,,,,
2026-06-30 09:17:55,pzem017_pair,True,277606,eeprom_restore,coulomb_count,26.409,False,26.43,0.0,0.0,1684,ok,26.36,2.65,69.8,1500,ok,98.6,17.7,12.334,,,,,,,,
2026-06-30 09:17:56,pzem017_pair,True,278592,eeprom_restore,coulomb_count,26.405,False,26.43,0.0,0.0,1684,ok,26.35,2.65,69.8,1500,ok,98.6,17.7,12.307,,,,,,,,
2026-06-30 09:17:57,pzem017_pair,True,279589,eeprom_restore,coulomb_count,26.402,False,26.43,0.0,0.0,1684,ok,26.35,2.68,70.6,1500,ok,98.6,17.7,12.27,,,,,,,,
2026-06-30 09:17:58,pzem017_pair,True,280593,eeprom_restore,coulomb_count,26.403,False,26.44,0.0,0.0,1684,ok,26.37,2.59,68.2,1500,ok,98.6,17.7,12.234,,,,,,,,
2026-06-30 09:17:59,pzem017_pair,True,281592,eeprom_restore,coulomb_count,26.401,False,26.44,0.0,0.0,1684,ok,26.35,2.35,61.9,1500,ok,98.6,17.7,12.21,,,,,,,,
2026-06-30 09:18:00,pzem017_pair,True,282595,eeprom_restore,coulomb_count,26.402,False,26.45,0.0,0.0,1684,ok,26.36,2.6,68.5,1500,ok,98.6,17.7,12.183,,,,,,,,
2026-06-30 09:18:01,pzem017_pair,True,283599,eeprom_restore,coulomb_count,26.4,False,26.43,0.0,0.0,1684,ok,26.35,2.55,67.1,1500,ok,98.6,17.7,12.158,,,,,,,,
2026-06-30 09:18:02,pzem017_pair,True,284603,eeprom_restore,coulomb_count,26.398,False,26.43,0.0,0.0,1684,ok,26.35,2.71,71.4,1500,ok,98.6,17.7,12.127,,,,,,,,
2026-06-30 09:18:03,pzem017_pair,True,285593,eeprom_restore,coulomb_count,26.396,False,26.43,0.0,0.0,1684,ok,26.35,2.62,69.0,1500,ok,98.6,17.7,12.096,,,,,,,,
2026-06-30 09:18:04,pzem017_pair,True,286591,eeprom_restore,coulomb_count,26.393,False,26.42,0.0,0.0,1684,ok,26.34,2.69,70.8,1500,ok,98.6,17.7,12.07,,,,,,,,
2026-06-30 09:18:05,pzem017_pair,True,287593,eeprom_restore,coulomb_count,26.391,False,26.43,0.0,0.0,1684,ok,26.34,2.39,62.9,1500,ok,98.6,17.7,12.044,,,,,,,,
2026-06-30 09:18:06,pzem017_pair,True,288590,eeprom_restore,coulomb_count,26.39,False,26.42,0.0,0.0,1684,ok,26.35,2.49,65.6,1500,ok,98.6,17.7,11.951,,,,,,,,
2026-06-30 09:18:07,pzem017_pair,True,289591,eeprom_restore,coulomb_count,26.39,False,26.43,0.0,0.0,1684,ok,26.35,2.64,69.5,1500,ok,98.6,17.7,11.851,,,,,,,,
2026-06-30 09:18:08,pzem017_pair,True,290596,eeprom_restore,coulomb_count,26.39,False,26.43,0.0,0.0,1684,ok,26.35,2.58,67.9,1500,ok,98.6,17.7,11.766,,,,,,,,
2026-06-30 09:18:09,pzem017_pair,True,291604,eeprom_restore,coulomb_count,26.389,False,26.42,0.0,0.0,1684,ok,26.35,2.62,69.0,1500,ok,98.6,17.7,11.682,,,,,,,,
2026-06-30 09:18:10,pzem017_pair,True,292607,eeprom_restore,coulomb_count,26.387,False,26.42,0.0,0.0,1684,ok,26.34,2.6,68.4,1500,ok,98.5,17.7,11.645,,,,,,,,
2026-06-30 09:18:11,pzem017_pair,True,293589,eeprom_restore,coulomb_count,26.387,False,26.42,0.0,0.0,1684,ok,26.35,2.65,69.8,1500,ok,98.5,17.7,11.579,,,,,,,,
2026-06-30 09:18:12,pzem017_pair,True,294591,eeprom_restore,coulomb_count,26.385,False,26.42,0.0,0.0,1684,ok,26.34,2.68,70.5,1500,ok,98.5,17.7,11.506,,,,,,,,
2026-06-30 09:18:13,pzem017_pair,True,295592,eeprom_restore,coulomb_count,26.385,False,26.42,0.0,0.0,1684,ok,26.35,2.56,67.4,1500,ok,98.5,17.7,11.462,,,,,,,,
2026-06-30 09:18:14,pzem017_pair,True,296595,eeprom_restore,coulomb_count,26.384,False,26.42,0.0,0.0,1684,ok,26.34,2.63,69.2,1500,ok,98.5,17.7,11.415,,,,,,,,
2026-06-30 09:18:15,pzem017_pair,True,297595,eeprom_restore,coulomb_count,26.383,False,26.42,0.0,0.0,1684,ok,26.34,2.59,68.2,1500,ok,98.5,17.7,11.35,,,,,,,,
2026-06-30 09:18:16,pzem017_pair,True,298602,eeprom_restore,coulomb_count,26.383,False,26.42,0.0,0.0,1684,ok,26.34,2.64,69.5,1500,ok,98.5,17.7,11.305,,,,,,,,
2026-06-30 09:18:17,pzem017_pair,True,299616,eeprom_restore,coulomb_count,26.382,False,26.42,0.0,0.0,1684,ok,26.34,2.56,67.4,1500,ok,98.5,17.7,11.222,,,,,,,,
2026-06-30 09:18:18,pzem017_pair,True,300594,eeprom_restore,coulomb_count,26.383,False,26.42,0.0,0.0,1684,ok,26.35,2.58,67.9,1500,ok,98.5,17.7,11.138,,,,,,,,
2026-06-30 09:18:19,pzem017_pair,True,301593,eeprom_restore,coulomb_count,26.382,False,26.42,0.0,0.0,1684,ok,26.34,2.67,70.3,1501,ok,98.5,17.7,11.051,,,,,,,,
2026-06-30 09:18:20,pzem017_pair,True,302592,eeprom_restore,coulomb_count,26.383,False,26.42,0.0,0.0,1684,ok,26.35,2.64,69.5,1501,ok,98.5,17.7,10.966,,,,,,,,
2026-06-30 09:18:21,pzem017_pair,True,303593,eeprom_restore,coulomb_count,26.384,False,26.42,0.0,0.0,1684,ok,26.36,2.46,64.8,1501,ok,98.5,17.7,10.881,,,,,,,,
2026-06-30 09:18:22,pzem017_pair,True,304593,eeprom_restore,coulomb_count,26.383,False,26.42,0.0,0.0,1684,ok,26.34,2.65,69.8,1501,ok,98.5,17.7,10.797,,,,,,,,
2026-06-30 09:18:23,pzem017_pair,True,305601,eeprom_restore,coulomb_count,26.384,False,26.42,0.0,0.0,1684,ok,26.35,2.62,69.0,1501,ok,98.5,17.7,10.72,,,,,,,,
2026-06-30 09:18:24,pzem017_pair,True,306607,eeprom_restore,coulomb_count,26.383,False,26.42,0.0,0.0,1684,ok,26.34,2.6,68.4,1501,ok,98.5,17.7,10.637,,,,,,,,
2026-06-30 09:18:25,pzem017_pair,True,307607,eeprom_restore,coulomb_count,26.381,False,26.41,0.0,0.0,1684,ok,26.34,2.07,54.5,1501,ok,98.5,17.7,10.562,,,,,,,,
2026-06-30 09:18:25,pzem017_pair,True,308591,eeprom_restore,coulomb_count,26.384,False,26.43,0.0,0.0,1684,ok,26.36,2.55,67.2,1501,ok,98.5,17.7,10.478,,,,,,,,
2026-06-30 09:18:26,pzem017_pair,True,309591,eeprom_restore,coulomb_count,26.385,False,26.42,0.0,0.0,1684,ok,26.36,2.59,68.2,1501,ok,98.5,17.7,10.393,,,,,,,,
2026-06-30 09:18:27,pzem017_pair,True,310593,eeprom_restore,coulomb_count,26.385,False,26.42,0.0,0.0,1684,ok,26.35,2.3,60.6,1501,ok,98.5,17.7,10.312,,,,,,,,
2026-06-30 09:18:28,pzem017_pair,True,311592,eeprom_restore,coulomb_count,26.386,False,26.42,0.0,0.0,1684,ok,26.36,2.63,69.3,1501,ok,98.5,17.7,10.234,,,,,,,,
2026-06-30 09:18:30,pzem017_pair,True,312599,eeprom_restore,coulomb_count,26.386,False,26.42,0.0,0.0,1684,ok,26.35,2.31,60.8,1501,ok,98.5,17.7,10.153,,,,,,,,
2026-06-30 09:18:31,pzem017_pair,True,313605,eeprom_restore,coulomb_count,26.383,False,26.41,0.0,0.0,1684,ok,26.33,1.79,47.1,1501,ok,98.5,17.7,10.081,,,,,,,,
2026-06-30 09:18:32,pzem017_pair,True,314590,eeprom_restore,coulomb_count,26.382,False,26.42,0.0,0.0,1684,ok,26.34,1.53,40.3,1501,ok,98.5,17.7,10.031,,,,,,,,
2026-06-30 09:18:32,pzem017_pair,True,315592,eeprom_restore,coulomb_count,26.387,False,26.44,0.0,0.0,1684,ok,26.37,2.43,64.0,1501,ok,98.5,17.7,9.949,,,,,,,,
2026-06-30 09:18:34,pzem017_pair,True,316595,eeprom_restore,coulomb_count,26.384,False,26.42,0.0,0.0,1684,ok,26.33,2.25,59.2,1501,ok,98.5,17.7,9.868,,,,,,,,
2026-06-30 09:18:34,pzem017_pair,True,317595,eeprom_restore,coulomb_count,26.385,False,26.43,0.0,0.0,1684,ok,26.34,2.33,61.3,1501,ok,98.5,17.7,9.786,,,,,,,,
2026-06-30 09:18:36,pzem017_pair,True,318588,eeprom_restore,coulomb_count,26.384,False,26.42,0.0,0.0,1684,ok,26.34,2.5,65.8,1501,ok,98.5,17.7,9.7,,,,,,,,
2026-06-30 09:18:37,pzem017_pair,True,319593,eeprom_restore,coulomb_count,26.387,False,26.44,0.0,0.0,1684,ok,26.36,2.47,65.1,1501,ok,98.4,17.7,9.658,,,,,,,,
2026-06-30 09:18:38,pzem017_pair,True,320611,eeprom_restore,coulomb_count,26.385,False,26.41,0.0,0.0,1684,ok,26.34,2.42,63.7,1501,ok,98.4,17.7,9.575,,,,,,,,
2026-06-30 09:18:39,pzem017_pair,True,321608,eeprom_restore,coulomb_count,26.385,False,26.42,0.0,0.0,1684,ok,26.35,2.64,69.5,1501,ok,98.4,17.7,9.488,,,,,,,,
2026-06-30 09:18:40,pzem017_pair,True,322592,eeprom_restore,coulomb_count,26.383,False,26.41,0.0,0.0,1684,ok,26.34,2.41,63.4,1501,ok,98.4,17.7,9.436,,,,,,,,
2026-06-30 09:18:41,pzem017_pair,True,323591,eeprom_restore,coulomb_count,26.38,False,26.41,0.0,0.0,1684,ok,26.33,2.4,63.1,1501,ok,98.4,17.7,9.35,,,,,,,,
2026-06-30 09:18:41,pzem017_pair,True,324590,eeprom_restore,coulomb_count,26.378,False,26.41,0.0,0.0,1684,ok,26.33,2.68,70.5,1501,ok,98.4,17.7,9.275,,,,,,,,
2026-06-30 09:18:43,pzem017_pair,True,325594,eeprom_restore,coulomb_count,26.378,False,26.41,0.0,0.0,1684,ok,26.35,2.5,65.8,1501,ok,98.4,17.7,9.19,,,,,,,,
2026-06-30 09:18:44,pzem017_pair,True,326596,eeprom_restore,coulomb_count,26.377,False,26.41,0.0,0.0,1684,ok,26.33,2.64,69.5,1501,ok,98.4,17.7,9.116,,,,,,,,
2026-06-30 09:18:45,pzem017_pair,True,327602,eeprom_restore,coulomb_count,26.375,False,26.41,0.0,0.0,1684,ok,26.33,2.58,67.9,1501,ok,98.4,17.7,9.043,,,,,,,,
2026-06-30 09:18:46,pzem017_pair,True,328605,eeprom_restore,coulomb_count,26.374,False,26.41,0.0,0.0,1684,ok,26.33,2.52,66.3,1501,ok,98.4,17.7,8.989,,,,,,,,
2026-06-30 09:18:47,pzem017_pair,True,329608,eeprom_restore,coulomb_count,26.374,False,26.41,0.0,0.0,1684,ok,26.34,2.62,69.0,1501,ok,98.4,17.7,8.992,,,,,,,,
2026-06-30 09:18:48,pzem017_pair,True,330595,eeprom_restore,coulomb_count,26.393,False,26.47,0.0,0.0,1684,ok,26.46,0.9,23.8,1501,ok,98.4,17.7,9.07,,,,,,,,
2026-06-30 09:18:48,pzem017_pair,True,331589,eeprom_restore,coulomb_count,26.407,False,26.47,0.0,0.0,1684,ok,26.46,0.87,23.0,1501,ok,98.4,17.7,9.143,,,,,,,,
2026-06-30 09:18:49,pzem017_pair,True,332591,eeprom_restore,coulomb_count,26.42,False,26.48,0.0,0.0,1684,ok,26.46,0.9,23.8,1501,ok,98.4,17.7,9.214,,,,,,,,
2026-06-30 09:18:50,pzem017_pair,True,333593,eeprom_restore,coulomb_count,26.43,False,26.48,0.0,0.0,1684,ok,26.46,0.91,24.0,1501,ok,98.4,17.7,9.289,,,,,,,,
2026-06-30 09:18:52,pzem017_pair,True,334600,eeprom_restore,coulomb_count,26.436,False,26.47,0.0,0.0,1684,ok,26.45,1.1,29.0,1501,ok,98.4,17.7,9.342,,,,,,,,
2026-06-30 09:18:53,pzem017_pair,True,335601,eeprom_restore,coulomb_count,26.44,False,26.47,0.0,0.0,1684,ok,26.44,1.16,30.6,1501,ok,98.4,17.7,9.393,,,,,,,,
2026-06-30 09:18:53,pzem017_pair,True,336593,eeprom_restore,coulomb_count,26.445,False,26.48,0.0,0.0,1684,ok,26.45,1.2,31.7,1501,ok,98.4,17.7,9.44,,,,,,,,
2026-06-30 09:18:54,pzem017_pair,True,337593,eeprom_restore,coulomb_count,26.449,False,26.48,0.0,0.0,1684,ok,26.45,1.22,32.2,1501,ok,98.4,17.7,9.487,,,,,,,,
2026-06-30 09:18:55,pzem017_pair,True,338590,eeprom_restore,coulomb_count,26.453,False,26.47,0.0,0.0,1684,ok,26.47,1.02,26.9,1501,ok,98.4,17.7,9.551,,,,,,,,
2026-06-30 09:18:56,pzem017_pair,True,339591,eeprom_restore,coulomb_count,26.457,False,26.49,0.0,0.0,1684,ok,26.46,1.22,32.2,1501,ok,98.4,17.7,9.597,,,,,,,,
2026-06-30 09:18:58,pzem017_pair,True,340602,eeprom_restore,coulomb_count,26.452,False,26.46,0.0,0.0,1684,ok,26.4,2.15,56.7,1501,ok,98.4,17.7,9.608,,,,,,,,
2026-06-30 09:18:59,pzem017_pair,True,341600,eeprom_restore,coulomb_count,26.442,False,26.44,0.0,0.0,1684,ok,26.36,2.36,62.2,1501,ok,98.4,17.7,9.615,,,,,,,,
2026-06-30 09:19:00,pzem017_pair,True,342602,eeprom_restore,coulomb_count,26.435,False,26.44,0.0,0.0,1684,ok,26.38,1.93,50.9,1501,ok,98.4,17.7,9.63,,,,,,,,
2026-06-30 09:19:00,pzem017_pair,True,343591,eeprom_restore,coulomb_count,26.434,False,26.46,0.0,0.0,1684,ok,26.4,1.79,47.2,1501,ok,98.4,17.7,9.648,,,,,,,,
2026-06-30 09:19:01,pzem017_pair,True,344593,eeprom_restore,coulomb_count,26.432,False,26.45,0.0,0.0,1684,ok,26.4,1.98,52.2,1501,ok,98.4,17.7,9.662,,,,,,,,
2026-06-30 09:19:02,pzem017_pair,True,345591,eeprom_restore,coulomb_count,26.438,False,26.45,0.0,0.0,1684,ok,26.47,1.72,45.5,1501,ok,98.4,17.7,9.684,,,,,,,,
2026-06-30 09:19:03,pzem017_pair,True,346588,eeprom_restore,coulomb_count,26.446,False,26.48,0.0,0.0,1684,ok,26.48,0.83,21.9,1501,ok,98.4,17.7,9.765,,,,,,,,
2026-06-30 09:19:04,pzem017_pair,True,347593,eeprom_restore,coulomb_count,26.453,False,26.49,0.0,0.0,1684,ok,26.47,0.88,23.2,1501,ok,98.4,17.7,9.842,,,,,,,,
2026-06-30 09:19:05,pzem017_pair,True,348597,eeprom_restore,coulomb_count,26.459,False,26.49,0.0,0.0,1684,ok,26.48,0.88,23.3,1501,ok,98.4,17.7,9.917,,,,,,,,
2026-06-30 09:19:07,pzem017_pair,True,349602,eeprom_restore,coulomb_count,26.465,False,26.49,0.0,0.0,1684,ok,26.48,0.83,21.9,1501,ok,98.4,17.7,9.999,,,,,,,,
2026-06-30 09:19:07,pzem017_pair,True,350590,eeprom_restore,coulomb_count,26.468,False,26.49,0.0,0.0,1684,ok,26.47,0.95,25.1,1501,ok,98.4,17.7,10.066,,,,,,,,
2026-06-30 09:19:08,pzem017_pair,True,351595,eeprom_restore,coulomb_count,26.467,False,26.49,0.0,0.0,1684,ok,26.44,0.84,22.2,1501,ok,98.4,17.7,10.147,,,,,,,,
2026-06-30 09:19:09,pzem017_pair,True,352592,eeprom_restore,coulomb_count,26.472,False,26.5,0.0,0.0,1684,ok,26.48,0.83,21.9,1501,ok,98.4,17.7,10.229,,,,,,,,
2026-06-30 09:19:10,pzem017_pair,True,353592,eeprom_restore,coulomb_count,26.476,False,26.5,0.0,0.0,1684,ok,26.49,0.83,21.9,1501,ok,98.4,17.7,10.311,,,,,,,,
2026-06-30 09:19:11,pzem017_pair,True,354593,eeprom_restore,coulomb_count,26.479,False,26.5,0.0,0.0,1684,ok,26.48,0.86,22.7,1501,ok,98.4,17.7,10.388,,,,,,,,
2026-06-30 09:19:12,pzem017_pair,True,355600,eeprom_restore,coulomb_count,26.481,False,26.5,0.0,0.0,1684,ok,26.48,0.74,19.5,1501,ok,98.4,17.7,10.484,,,,,,,,
2026-06-30 09:19:13,pzem017_pair,True,356602,eeprom_restore,coulomb_count,26.484,False,26.5,0.0,0.0,1684,ok,26.49,0.78,20.6,1501,ok,98.4,17.7,10.572,,,,,,,,
2026-06-30 09:19:14,pzem017_pair,True,357593,eeprom_restore,coulomb_count,26.486,False,26.5,0.0,0.0,1684,ok,26.49,0.81,21.4,1501,ok,98.4,17.7,10.656,,,,,,,,
2026-06-30 09:19:15,pzem017_pair,True,358594,eeprom_restore,coulomb_count,26.488,False,26.5,0.0,0.0,1684,ok,26.49,0.85,22.5,1501,ok,98.4,17.7,10.734,,,,,,,,
2026-06-30 09:19:16,pzem017_pair,True,359594,eeprom_restore,coulomb_count,26.488,False,26.5,0.0,0.0,1684,ok,26.48,0.84,22.2,1501,ok,98.4,17.7,10.815,,,,,,,,
2026-06-30 09:19:17,pzem017_pair,True,360589,eeprom_restore,coulomb_count,26.49,False,26.5,0.0,0.0,1684,ok,26.49,0.77,20.3,1501,ok,98.4,17.7,10.906,,,,,,,,
2026-06-30 09:19:18,pzem017_pair,True,361590,eeprom_restore,coulomb_count,26.492,False,26.51,0.0,0.0,1684,ok,26.49,0.82,21.7,1501,ok,98.4,17.7,10.991,,,,,,,,
2026-06-30 09:19:19,pzem017_pair,True,362600,eeprom_restore,coulomb_count,26.493,False,26.51,0.0,0.0,1684,ok,26.49,0.9,23.8,1501,ok,98.4,17.7,11.063,,,,,,,,
2026-06-30 09:19:20,pzem017_pair,True,363602,eeprom_restore,coulomb_count,26.495,False,26.51,0.0,0.0,1684,ok,26.49,0.73,19.3,1501,ok,98.3,17.7,11.161,,,,,,,,
2026-06-30 09:19:21,pzem017_pair,True,364592,eeprom_restore,coulomb_count,26.496,False,26.51,0.0,0.0,1684,ok,26.49,0.77,20.3,1501,ok,98.3,17.7,11.251,,,,,,,,
2026-06-30 09:19:22,pzem017_pair,True,365594,eeprom_restore,coulomb_count,26.497,False,26.51,0.0,0.0,1684,ok,26.49,0.79,20.9,1501,ok,98.3,17.7,11.339,,,,,,,,
2026-06-30 09:19:23,pzem017_pair,True,366592,eeprom_restore,coulomb_count,26.497,False,26.51,0.0,0.0,1684,ok,26.49,0.73,19.3,1501,ok,98.3,17.7,11.437,,,,,,,,
2026-06-30 09:19:24,pzem017_pair,True,367598,eeprom_restore,coulomb_count,26.498,False,26.51,0.0,0.0,1684,ok,26.49,0.73,19.3,1501,ok,98.3,17.7,11.533,,,,,,,,
2026-06-30 09:19:25,pzem017_pair,True,368593,eeprom_restore,coulomb_count,26.499,False,26.51,0.0,0.0,1684,ok,26.5,0.72,19.0,1501,ok,98.3,17.7,11.634,,,,,,,,
2026-06-30 09:19:26,pzem017_pair,True,369599,eeprom_restore,coulomb_count,26.5,False,26.51,0.0,0.0,1684,ok,26.5,0.73,19.3,1501,ok,98.3,17.7,11.731,,,,,,,,
2026-06-30 09:19:27,pzem017_pair,True,370604,eeprom_restore,coulomb_count,26.5,False,26.51,0.0,0.0,1684,ok,26.49,0.76,20.1,1501,ok,98.3,17.7,11.825,,,,,,,,
2026-06-30 09:19:28,pzem017_pair,True,371593,eeprom_restore,coulomb_count,26.5,False,26.51,0.0,0.0,1684,ok,26.49,0.71,18.8,1501,ok,98.3,17.7,11.926,,,,,,,,
2026-06-30 09:19:29,pzem017_pair,True,372591,eeprom_restore,coulomb_count,26.5,False,26.51,0.0,0.0,1684,ok,26.49,0.8,21.1,1501,ok,98.3,17.7,12.011,,,,,,,,
2026-06-30 09:19:30,pzem017_pair,True,373591,eeprom_restore,coulomb_count,26.5,False,26.51,0.0,0.0,1684,ok,26.49,0.81,21.4,1501,ok,98.3,17.7,12.094,,,,,,,,
2026-06-30 09:19:31,pzem017_pair,True,374591,eeprom_restore,coulomb_count,26.5,False,26.51,0.0,0.0,1684,ok,26.49,0.75,19.8,1501,ok,98.3,17.7,12.188,,,,,,,,
2026-06-30 09:19:32,pzem017_pair,True,375596,eeprom_restore,coulomb_count,26.5,False,26.5,0.0,0.0,1684,ok,26.5,0.79,20.9,1501,ok,98.3,17.7,12.275,,,,,,,,
2026-06-30 09:19:33,pzem017_pair,True,376599,eeprom_restore,coulomb_count,26.501,False,26.51,0.0,0.0,1684,ok,26.5,0.81,21.4,1501,ok,98.3,17.7,12.358,,,,,,,,
2026-06-30 09:19:34,pzem017_pair,True,377606,eeprom_restore,coulomb_count,26.502,False,26.51,0.0,0.0,1684,ok,26.5,1.14,30.2,1501,ok,98.3,17.7,12.406,,,,,,,,
2026-06-30 09:19:35,pzem017_pair,True,378607,eeprom_restore,coulomb_count,26.502,False,26.51,0.0,0.0,1684,ok,26.5,0.74,19.6,1501,ok,98.3,17.7,12.501,,,,,,,,
2026-06-30 09:19:36,pzem017_pair,True,379594,eeprom_restore,coulomb_count,26.503,False,26.51,0.0,0.0,1684,ok,26.5,0.77,20.4,1501,ok,98.3,17.7,12.59,,,,,,,,
2026-06-30 09:19:37,pzem017_pair,True,380592,eeprom_restore,coulomb_count,26.502,False,26.51,0.0,0.0,1684,ok,26.49,0.81,21.4,1501,ok,98.3,17.7,12.672,,,,,,,,
2026-06-30 09:19:38,pzem017_pair,True,381597,eeprom_restore,coulomb_count,26.503,False,26.51,0.0,0.0,1684,ok,26.5,0.75,19.8,1501,ok,98.3,17.7,12.765,,,,,,,,
2026-06-30 09:19:39,pzem017_pair,True,382592,eeprom_restore,coulomb_count,26.503,False,26.51,0.0,0.0,1684,ok,26.5,0.7,18.5,1501,ok,98.3,17.7,12.864,,,,,,,,
2026-06-30 09:19:40,pzem017_pair,True,383601,eeprom_restore,coulomb_count,26.503,False,26.51,0.0,0.0,1684,ok,26.49,0.79,20.9,1501,ok,98.3,17.7,12.949,,,,,,,,
2026-06-30 09:19:41,pzem017_pair,True,384603,eeprom_restore,coulomb_count,26.502,False,26.51,0.0,0.0,1684,ok,26.49,0.87,23.0,1501,ok,98.3,17.7,13.021,,,,,,,,
2026-06-30 09:19:42,pzem017_pair,True,385591,eeprom_restore,coulomb_count,26.502,False,26.51,0.0,0.0,1684,ok,26.49,0.71,18.8,1501,ok,98.3,17.7,13.12,,,,,,,,
2026-06-30 09:19:43,pzem017_pair,True,386592,eeprom_restore,coulomb_count,26.501,False,26.51,0.0,0.0,1684,ok,26.49,0.73,19.3,1501,ok,98.3,17.7,13.214,,,,,,,,
2026-06-30 09:19:44,pzem017_pair,True,387591,eeprom_restore,coulomb_count,26.502,False,26.51,0.0,0.0,1684,ok,26.5,0.75,19.8,1501,ok,98.3,17.7,13.306,,,,,,,,
2026-06-30 09:19:45,pzem017_pair,True,388593,eeprom_restore,coulomb_count,26.503,False,26.51,0.0,0.0,1684,ok,26.5,0.76,20.1,1501,ok,98.3,17.7,13.396,,,,,,,,
2026-06-30 09:19:46,pzem017_pair,True,389590,eeprom_restore,coulomb_count,26.503,False,26.51,0.0,0.0,1684,ok,26.5,0.78,20.6,1501,ok,98.3,17.7,13.484,,,,,,,,
2026-06-30 09:19:47,pzem017_pair,True,390598,eeprom_restore,coulomb_count,26.5,False,26.51,0.0,0.0,1684,ok,26.46,2.54,67.2,1501,ok,98.3,17.7,13.456,,,,,,,,
2026-06-30 09:19:48,pzem017_pair,True,391604,eeprom_restore,coulomb_count,26.48,False,26.48,0.0,0.0,1684,ok,26.32,1.83,48.1,1501,ok,98.3,17.7,13.432,,,,,,,,
2026-06-30 09:19:49,pzem017_pair,True,392589,eeprom_restore,coulomb_count,26.465,False,26.47,0.0,0.0,1684,ok,26.34,1.94,51.0,1501,ok,98.3,17.7,13.396,,,,,,,,
2026-06-30 09:19:50,pzem017_pair,True,393592,eeprom_restore,coulomb_count,26.448,False,26.43,0.0,0.0,1684,ok,26.33,2.99,78.7,1501,ok,98.3,17.7,13.34,,,,,,,,
2026-06-30 09:19:51,pzem017_pair,True,394595,eeprom_restore,coulomb_count,26.435,False,26.43,0.0,0.0,1684,ok,26.34,2.83,74.5,1502,ok,98.3,17.7,13.311,,,,,,,,
2026-06-30 09:19:52,pzem017_pair,True,395592,eeprom_restore,coulomb_count,26.423,False,26.42,0.0,0.0,1684,ok,26.33,2.61,68.7,1502,ok,98.3,17.7,13.305,,,,,,,,
2026-06-30 09:19:53,pzem017_pair,True,396592,eeprom_restore,coulomb_count,26.415,False,26.42,0.0,0.0,1684,ok,26.34,2.22,58.4,1502,ok,98.3,17.7,13.295,,,,,,,,
2026-06-30 09:19:54,pzem017_pair,True,397597,eeprom_restore,coulomb_count,26.41,False,26.41,0.0,0.0,1684,ok,26.37,2.15,56.6,1502,ok,98.3,17.7,13.283,,,,,,,,
2026-06-30 09:19:55,pzem017_pair,True,398601,eeprom_restore,coulomb_count,26.407,False,26.43,0.0,0.0,1684,ok,26.36,2.7,71.1,1502,ok,98.3,17.7,13.286,,,,,,,,
2026-06-30 09:19:56,pzem017_pair,True,399609,eeprom_restore,coulomb_count,26.402,False,26.42,0.0,0.0,1684,ok,26.35,2.71,71.4,1502,ok,98.3,17.7,13.288,,,,,,,,
2026-06-30 09:19:57,pzem017_pair,True,400590,eeprom_restore,coulomb_count,26.4,False,26.43,0.0,0.0,1684,ok,26.35,2.82,74.3,1502,ok,98.3,17.7,13.289,,,,,,,,
2026-06-30 09:19:58,pzem017_pair,True,401592,eeprom_restore,coulomb_count,26.396,False,26.42,0.0,0.0,1684,ok,26.34,2.49,65.5,1502,ok,98.3,17.7,13.294,,,,,,,,
2026-06-30 09:20:02,battery_soc_event,,993,,,,,,,,,,,,,,,99.4,,,,soc_restore,ok,,,,,
2026-06-30 09:20:03,pzem017_pair,True,1591,eeprom_restore,eeprom_restore,26.37,False,26.41,0.0,0.0,1684,ok,26.33,2.78,73.1,1502,ok,99.4,17.9,6.436,,,,,,,,
2026-06-30 09:20:03,battery_soc_event,,1671,,,,,,,,,,,,,,,99.4,,,,soc_save,ok,,,,,
2026-06-30 09:20:04,pzem017_pair,True,2592,eeprom_restore,coulomb_count,26.371,False,26.41,0.0,0.0,1684,ok,26.34,2.55,67.1,1502,ok,99.4,17.9,6.726,,,,,,,,
2026-06-30 09:20:05,pzem017_pair,True,3597,eeprom_restore,coulomb_count,26.372,False,26.42,0.0,0.0,1684,ok,26.33,2.43,63.9,1502,ok,99.4,17.9,6.938,,,,,,,,
2026-06-30 09:20:06,pzem017_pair,True,4604,eeprom_restore,coulomb_count,26.376,False,26.43,0.0,0.0,1684,ok,26.36,2.41,63.5,1502,ok,99.4,17.9,7.059,,,,,,,,
2026-06-30 09:20:07,pzem017_pair,True,5607,eeprom_restore,coulomb_count,26.382,False,26.42,0.0,0.0,1684,ok,26.39,2.22,58.5,1502,ok,99.4,17.9,7.259,,,,,,,,
